index,raw_adc
0,1
1,0
2,3
3,0
4,3
5,1
6,3
7,3
8,3
9,3
10,1
11,1
12,3
13,3
14,3
15,3
16,1
17,3
18,1
19,1
20,3
21,1
22,3
23,1
24,3
25,3
26,3
27,3
28,3
29,1
30,3
31,3
32,3
33,3
34,3
35,3
36,3
37,1
38,3
39,3
40,3
41,1
42,1
43,3
44,2
45,1
46,1
47,3
48,3
49,3
50,3
51,3
52,3
53,1
54,1
55,3
56,3
57,3
58,0
59,3
60,1
61,3
62,3
63,3
64,3
65,3
66,3
67,3
68,3
69,3
70,3
71,3
72,3
73,1
74,3
75,3
76,3
77,3
78,3
79,3
80,3
81,1
82,3
83,3
84,1
85,3
86,0
87,0
88,1
89,0
90,1
91,3
92,3
93,3
94,3
95,1
96,3
97,3
98,1
99,3
100,3
101,3
102,3
103,3
104,3
105,3
106,1
107,1
108,1
109,1
110,1
111,3
112,3
113,2
114,3
115,1
116,1
117,3
118,1
119,1
120,3
121,1
122,3
123,3
124,3
125,3
126,3
127,3
128,1
129,3
130,3
131,3
132,3
133,3
134,3
135,3
136,0
137,3
138,1
139,3
140,3
141,1
142,3
143,3
144,3
145,3
146,3
147,3
148,3
149,3
150,3
151,1
152,3
153,1
154,2
155,3
156,3
157,3
158,1
159,1
160,3
161,3
162,3
163,3
164,3
165,1
166,3
167,0
168,1
169,3
170,3
171,3
172,3
173,3
174,1
175,3
176,3
177,1
178,1
179,3
180,3
181,3
182,3
183,3
184,1
185,3
186,3
187,1
188,3
189,3
190,3
191,3
192,3
193,3
194,3
195,3
196,3
197,1
198,3
199,3
200,3
201,3
202,1
203,3
204,3
205,3
206,3
207,0
208,3
209,3
210,0
211,1
212,1
213,3
214,3
215,0
216,2
217,0
218,3
219,3
220,3
221,3
222,1
223,3
224,3
225,1
226,1
227,3
228,3
229,3
230,3
231,3
232,3
233,0
234,1
235,3
236,3
237,1
238,3
239,1
240,3
241,3
242,3
243,3
244,1
245,3
246,1
247,3
248,1
249,3
250,1
251,1
252,1
253,3
254,3
255,3
256,1
257,3
258,3
259,3
260,3
261,1
262,1
263,3
264,3
265,3
266,3
267,3
268,1
269,3
270,3
271,3
272,1
273,3
274,1
275,0
276,3
277,1
278,3
279,3
280,3
281,1
282,3
283,0
284,3
285,3
286,3
287,1
288,1
289,0
290,1
291,1
292,3
293,1
294,1
295,3
296,3
297,0
298,3
299,3
300,3
301,1
302,2
303,1
304,1
305,3
306,1
307,3
308,3
309,3
310,3
311,1
312,3
313,1
314,3
315,3
316,1
317,3
318,3
319,1
320,1
321,3
322,1
323,3
324,3
325,1
326,3
327,1
328,3
329,1
330,1
331,3
332,3
333,3
334,3
335,1
336,2
337,3
338,1
339,1
340,3
341,3
342,3
343,1
344,1
345,1
346,3
347,3
348,3
349,3
350,1
351,3
352,1
353,3
354,1
355,3
356,2
357,3
358,1
359,1
360,1
361,1
362,1
363,3
364,3
365,3
366,1
367,3
368,1
369,1
370,3
371,3
372,3
373,3
374,1
375,3
376,3
377,1
378,3
379,3
380,3
381,3
382,1
383,3
384,3
385,3
386,3
387,3
388,3
389,3
390,1
391,3
392,3
393,3
394,3
395,3
396,3
397,3
398,1
399,1
400,3
401,0
402,1
403,3
404,3
405,3
406,1
407,3
408,3
409,3
410,3
411,1
412,3
413,3
414,3
415,3
416,3
417,3
418,1
419,3
420,3
421,1
422,0
423,1
424,3
425,3
426,3
427,3
428,1
429,3
430,1
431,3
432,3
433,3
434,3
435,3
436,1
437,3
438,3
439,3
440,0
441,1
442,3
443,1
444,3
445,1
446,3
447,3
448,3
449,3
450,1
451,3
452,3
453,3
454,1
455,1
456,3
457,3
458,0
459,1
460,1
461,3
462,1
463,1
464,3
465,3
466,1
467,3
468,3
469,1
470,0
471,3
472,1
473,0
474,3
475,3
476,3
477,3
478,3
479,3
480,1
481,3
482,3
483,3
484,3
485,3
486,2
487,1
488,3
489,1
490,2
491,3
492,3
493,3
494,3
495,3
496,1
497,3
498,1
499,3
500,3
501,3
502,3
503,1
504,1
505,3
506,3
507,2
508,3
509,3
510,3
511,3
512,3
513,3
514,1
515,1
516,0
517,1
518,3
519,3
520,1
521,3
522,3
523,3
524,3
525,3
526,3
527,3
528,3
529,1
530,3
531,3
532,1
533,3
534,3
535,3
536,3
537,3
538,3
539,3
540,3
541,3
542,3
543,3
544,3
545,3
546,1
547,3
548,3
549,3
550,3
551,3
552,1
553,3
554,3
555,3
556,3
557,3
558,3
559,3
560,3
561,3
562,3
563,3
564,1
565,3
566,3
567,3
568,3
569,3
570,3
571,3
572,3
573,1
574,1
575,0
576,3
577,3
578,3
579,3
580,3
581,3
582,3
583,2
584,3
585,2
586,3
587,3
588,3
589,3
590,3
591,3
592,3
593,3
594,2
595,3
596,3
597,1
598,3
599,3
600,3
601,3
602,3
603,3
604,3
605,3
606,3
607,3
608,3
609,3
610,3
611,1
612,3
613,3
614,3
615,1
616,3
617,3
618,3
619,3
620,3
621,3
622,3
623,3
624,3
625,3
626,2
627,3
628,2
629,3
630,3
631,3
632,3
633,3
634,3
635,3
636,3
637,3
638,3
639,3
640,3
641,3
642,3
643,3
644,3
645,3
646,3
647,3
648,3
649,1
650,1
651,3
652,3
653,3
654,3
655,3
656,3
657,3
658,3
659,3
660,3
661,1
662,3
663,3
664,3
665,3
666,3
667,3
668,3
669,3
670,3
671,3
672,3
673,3
674,3
675,2
676,3
677,3
678,3
679,3
680,3
681,3
682,2
683,3
684,3
685,3
686,3
687,3
688,3
689,3
690,2
691,3
692,3
693,1
694,3
695,3
696,3
697,2
698,3
699,3
700,3
701,2
702,1
703,3
704,1
705,3
706,3
707,1
708,3
709,3
710,3
711,2
712,3
713,1
714,1
715,2
716,1
717,2
718,3
719,2
720,2
721,3
722,1
723,3
724,3
725,2
726,3
727,3
728,3
729,3
730,3
731,2
732,3
733,2
734,3
735,1
736,1
737,3
738,0
739,1
740,3
741,3
742,1
743,3
744,3
745,3
746,3
747,1
748,1
749,1
750,3
751,3
752,2
753,3
754,2
755,3
756,3
757,1
758,3
759,1
760,3
761,3
762,3
763,3
764,3
765,1
766,3
767,3
768,3
769,1
770,2
771,1
772,2
773,3
774,2
775,3
776,3
777,3
778,3
779,3
780,2
781,3
782,2
783,3
784,2
785,2
786,2
787,1
788,1
789,2
790,3
791,2
792,3
793,1
794,2
795,3
796,1
797,1
798,1
799,3
800,3
801,3
802,3
803,3
804,1
805,2
806,1
807,1
808,3
809,2
810,3
811,3
812,1
813,1
814,3
815,3
816,3
817,1
818,2
819,3
820,1
821,3
822,3
823,1
824,2
825,3
826,0
827,3
828,1
829,3
830,3
831,1
832,1
833,3
834,3
835,1
836,3
837,1
838,3
839,3
840,3
841,3
842,3
843,3
844,2
845,3
846,1
847,3
848,1
849,2
850,3
851,1
852,3
853,2
854,2
855,1
856,3
857,3
858,1
859,2
860,1
861,3
862,2
863,3
864,2
865,2
866,1
867,3
868,3
869,2
870,1
871,3
872,3
873,2
874,1
875,1
876,1
877,1
878,3
879,2
880,1
881,2
882,3
883,1
884,1
885,2
886,1
887,3
888,3
889,1
890,3
891,2
892,1
893,1
894,1
895,3
896,2
897,1
898,1
899,2
900,3
901,2
902,2
903,1
904,1
905,3
906,3
907,1
908,1
909,0
910,3
911,1
912,3
913,3
914,1
915,3
916,3
917,1
918,3
919,3
920,3
921,3
922,1
923,1
924,3
925,1
926,1
927,1
928,0
929,0
930,3
931,0
932,3
933,3
934,3
935,3
936,3
937,3
938,3
939,3
940,1
941,3
942,3
943,3
944,3
945,3
946,2
947,1
948,3
949,3
950,1
951,3
952,3
953,3
954,3
955,1
956,3
957,3
958,3
959,3
960,3
961,1
962,3
963,3
964,1
965,3
966,1
967,3
968,3
969,3
970,3
971,3
972,3
973,1
974,2
975,0
976,1
977,3
978,3
979,3
980,3
981,3
982,3
983,1
984,3
985,3
986,3
987,3
988,1
989,3
990,1
991,1
992,1
993,3
994,1
995,1
996,3
997,3
998,1
999,1
1000,2
1001,3
1002,3
1003,3
1004,3
1005,1
1006,2
1007,1
1008,1
1009,3
1010,3
1011,3
1012,2
1013,3
1014,2
1015,1
1016,3
1017,3
1018,2
1019,2
1020,1
1021,1
1022,1
1023,1
1024,3
1025,3
1026,0
1027,3
1028,1
1029,1
1030,1
1031,3
1032,1
1033,1
1034,1
1035,1
1036,3
1037,3
1038,1
1039,1
1040,1
1041,2
1042,1
1043,3
1044,3
1045,1
1046,1
1047,3
1048,1
1049,3
1050,1
1051,1
1052,3
1053,2
1054,2
1055,1
1056,1
1057,3
1058,1
1059,1
1060,3
1061,3
1062,3
1063,1
1064,1
1065,1
1066,3
1067,3
1068,3
1069,2
1070,3
1071,3
1072,1
1073,2
1074,3
1075,3
1076,3
1077,1
1078,3
1079,3
1080,3
1081,3
1082,3
1083,2
1084,1
1085,3
1086,3
1087,2
1088,1
1089,3
1090,3
1091,2
1092,3
1093,2
1094,2
1095,3
1096,1
1097,3
1098,3
1099,1
1100,2
1101,2
1102,2
1103,1
1104,3
1105,3
1106,3
1107,3
1108,2
1109,2
1110,3
1111,3
1112,3
1113,3
1114,2
1115,3
1116,3
1117,3
1118,2
1119,3
1120,3
1121,3
1122,3
1123,2
1124,3
1125,1
1126,3
1127,1
1128,3
1129,2
1130,3
1131,3
1132,1
1133,3
1134,1
1135,1
1136,1
1137,1
1138,3
1139,2
1140,2
1141,1
1142,1
1143,0
1144,3
1145,1
1146,3
1147,1
1148,1
1149,3
1150,3
1151,1
1152,0
1153,1
1154,3
1155,2
1156,3
1157,3
1158,3
1159,3
1160,3
1161,3
1162,1
1163,1
1164,1
1165,3
1166,3
1167,3
1168,1
1169,1
1170,3
1171,2
1172,2
1173,0
1174,1
1175,1
1176,3
1177,3
1178,1
1179,3
1180,3
1181,3
1182,1
1183,1
1184,2
1185,1
1186,1
1187,1
1188,2
1189,3
1190,3
1191,2
1192,2
1193,2
1194,1
1195,3
1196,3
1197,1
1198,3
1199,3
1200,3
1201,1
1202,0
1203,1
1204,1
1205,3
1206,1
1207,3
1208,3
1209,3
1210,1
1211,3
1212,3
1213,2
1214,3
1215,3
1216,1
1217,1
1218,3
1219,1
1220,3
1221,2
1222,1
1223,3
1224,3
1225,3
1226,1
1227,2
1228,1
1229,1
1230,1
1231,2
1232,3
1233,3
1234,0
1235,3
1236,1
1237,3
1238,3
1239,2
1240,3
1241,1
1242,3
1243,1
1244,3
1245,2
1246,3
1247,1
1248,1
1249,1
1250,3
1251,3
1252,3
1253,1
1254,3
1255,3
1256,3
1257,3
1258,3
1259,1
1260,1
1261,3
1262,1
1263,1
1264,1
1265,1
1266,3
1267,3
1268,1
1269,3
1270,3
1271,2
1272,3
1273,0
1274,0
1275,1
1276,1
1277,2
1278,1
1279,3
1280,1
1281,3
1282,3
1283,1
1284,1
1285,1
1286,3
1287,3
1288,1
1289,3
1290,3
1291,3
1292,1
1293,3
1294,1
1295,1
1296,2
1297,1
1298,1
1299,1
1300,3
1301,3
1302,3
1303,3
1304,1
1305,3
1306,3
1307,1
1308,2
1309,3
1310,3
1311,2
1312,3
1313,2
1314,3
1315,1
1316,3
1317,3
1318,3
1319,3
1320,2
1321,3
1322,1
1323,3
1324,1
1325,1
1326,3
1327,1
1328,1
1329,2
1330,1
1331,2
1332,1
1333,3
1334,3
1335,1
1336,1
1337,3
1338,3
1339,1
1340,1
1341,1
1342,3
1343,2
1344,3
1345,2
1346,3
1347,3
1348,1
1349,2
1350,3
1351,3
1352,3
1353,3
1354,1
1355,1
1356,0
1357,3
1358,1
1359,3
1360,2
1361,1
1362,3
1363,1
1364,1
1365,3
1366,2
1367,1
1368,3
1369,3
1370,1
1371,3
1372,1
1373,0
1374,3
1375,2
1376,1
1377,1
1378,1
1379,3
1380,1
1381,3
1382,3
1383,1
1384,1
1385,2
1386,1
1387,3
1388,3
1389,3
1390,3
1391,3
1392,2
1393,1
1394,3
1395,2
1396,1
1397,1
1398,1
1399,3
1400,1
1401,3
1402,1
1403,1
1404,3
1405,3
1406,3
1407,3
1408,1
1409,1
1410,2
1411,3
1412,2
1413,3
1414,0
1415,3
1416,1
1417,1
1418,3
1419,3
1420,3
1421,3
1422,1
1423,3
1424,3
1425,1
1426,3
1427,2
1428,3
1429,0
1430,3
1431,3
1432,1
1433,2
1434,1
1435,1
1436,1
1437,1
1438,1
1439,0
1440,3
1441,0
1442,1
1443,1
1444,1
1445,1
1446,1
1447,1
1448,1
1449,0
1450,1
1451,1
1452,0
1453,1
1454,1
1455,1
1456,3
1457,1
1458,3
1459,1
1460,3
1461,3
1462,3
1463,1
1464,1
1465,1
1466,3
1467,1
1468,2
1469,2
1470,3
1471,3
1472,3
1473,3
1474,2
1475,2
1476,1
1477,1
1478,3
1479,3
1480,1
1481,1
1482,3
1483,1
1484,1
1485,1
1486,1
1487,3
1488,0
1489,1
1490,1
1491,2
1492,3
1493,2
1494,1
1495,3
1496,0
1497,1
1498,3
1499,1
1500,2
1501,3
1502,1
1503,3
1504,3
1505,3
1506,2
1507,1
1508,3
1509,2
1510,1
1511,1
1512,3
1513,3
1514,1
1515,1
1516,1
1517,3
1518,3
1519,0
1520,3
1521,1
1522,3
1523,3
1524,3
1525,1
1526,3
1527,1
1528,1
1529,3
1530,3
1531,2
1532,1
1533,3
1534,1
1535,1
1536,1
1537,3
1538,2
1539,3
1540,3
1541,2
1542,1
1543,1
1544,3
1545,3
1546,1
1547,3
1548,1
1549,3
1550,2
1551,3
1552,3
1553,3
1554,2
1555,0
1556,1
1557,3
1558,1
1559,3
1560,3
1561,3
1562,3
1563,1
1564,1
1565,3
1566,3
1567,3
1568,1
1569,3
1570,3
1571,3
1572,2
1573,3
1574,3
1575,3
1576,2
1577,1
1578,3
1579,3
1580,1
1581,3
1582,0
1583,1
1584,1
1585,2
1586,3
1587,3
1588,1
1589,1
1590,2
1591,3
1592,2
1593,3
1594,1
1595,2
1596,2
1597,1
1598,3
1599,3
1600,1
1601,3
1602,1
1603,1
1604,2
1605,1
1606,3
1607,3
1608,3
1609,3
1610,3
1611,3
1612,3
1613,3
1614,3
1615,1
1616,2
1617,1
1618,0
1619,1
1620,1
1621,2
1622,2
1623,3
1624,1
1625,3
1626,3
1627,1
1628,3
1629,3
1630,2
1631,3
1632,3
1633,1
1634,3
1635,1
1636,1
1637,2
1638,2
1639,3
1640,1
1641,2
1642,1
1643,0
1644,3
1645,3
1646,3
1647,1
1648,3
1649,1
1650,0
1651,1
1652,3
1653,1
1654,1
1655,3
1656,1
1657,2
1658,1
1659,3
1660,1
1661,1
1662,1
1663,3
1664,3
1665,2
1666,1
1667,1
1668,3
1669,3
1670,3
1671,3
1672,3
1673,3
1674,3
1675,3
1676,3
1677,3
1678,3
1679,3
1680,3
1681,2
1682,3
1683,3
1684,3
1685,3
1686,3
1687,2
1688,2
1689,3
1690,3
1691,1
1692,3
1693,1
1694,3
1695,3
1696,3
1697,3
1698,2
1699,3
1700,3
1701,3
1702,3
1703,3
1704,3
1705,3
1706,1
1707,3
1708,3
1709,1
1710,1
1711,1
1712,3
1713,1
1714,1
1715,3
1716,3
1717,1
1718,2
1719,3
1720,3
1721,1
1722,3
1723,1
1724,3
1725,0
1726,3
1727,1
1728,0
1729,2
1730,1
1731,1
1732,0
1733,1
1734,1
1735,1
1736,3
1737,3
1738,1
1739,3
1740,1
1741,1
1742,3
1743,3
1744,2
1745,0
1746,0
1747,3
1748,3
1749,3
1750,3
1751,1
1752,1
1753,3
1754,1
1755,1
1756,1
1757,1
1758,0
1759,3
1760,3
1761,3
1762,3
1763,3
1764,1
1765,1
1766,1
1767,1
1768,1
1769,1
1770,1
1771,1
1772,0
1773,3
1774,3
1775,3
1776,3
1777,3
1778,1
1779,3
1780,3
1781,3
1782,3
1783,2
1784,3
1785,3
1786,1
1787,2
1788,1
1789,3
1790,3
1791,3
1792,1
1793,3
1794,2
1795,3
1796,1
1797,3
1798,2
1799,2
1800,3
1801,3
1802,2
1803,3
1804,3
1805,1
1806,1
1807,3
1808,0
1809,3
1810,3
1811,2
1812,1
1813,1
1814,3
1815,2
1816,3
1817,3
1818,3
1819,2
1820,1
1821,1
1822,1
1823,3
1824,1
1825,3
1826,2
1827,1
1828,2
1829,3
1830,3
1831,3
1832,1
1833,1
1834,3
1835,3
1836,1
1837,1
1838,3
1839,2
1840,1
1841,1
1842,3
1843,3
1844,3
1845,2
1846,1
1847,3
1848,1
1849,3
1850,1
1851,1
1852,1
1853,1
1854,1
1855,3
1856,1
1857,2
1858,1
1859,1
1860,3
1861,1
1862,1
1863,0
1864,1
1865,1
1866,1
1867,1
1868,1
1869,1
1870,3
1871,3
1872,3
1873,0
1874,1
1875,3
1876,3
1877,3
1878,3
1879,3
1880,1
1881,1
1882,3
1883,2
1884,3
1885,3
1886,2
1887,3
1888,1
1889,2
1890,1
1891,3
1892,3
1893,1
1894,1
1895,3
1896,1
1897,3
1898,3
1899,1
1900,1
1901,3
1902,3
1903,2
1904,3
1905,3
1906,1
1907,3
1908,1
1909,0
1910,2
1911,1
1912,1
1913,2
1914,3
1915,3
1916,3
1917,1
1918,1
1919,3
1920,3
1921,3
1922,1
1923,3
1924,3
1925,2
1926,1
1927,3
1928,0
1929,1
1930,3
1931,3
1932,2
1933,1
1934,2
1935,3
1936,3
1937,3
1938,1
1939,3
1940,1
1941,3
1942,3
1943,3
1944,1
1945,1
1946,3
1947,3
1948,1
1949,1
1950,3
1951,3
1952,3
1953,3
1954,2
1955,3
1956,3
1957,2
1958,1
1959,2
1960,0
1961,3
1962,2
1963,1
1964,1
1965,3
1966,3
1967,2
1968,2
1969,3
1970,2
1971,3
1972,2
1973,1
1974,1
1975,2
1976,3
1977,3
1978,1
1979,3
1980,3
1981,3
1982,1
1983,3
1984,3
1985,3
1986,3
1987,3
1988,3
1989,3
1990,3
1991,2
1992,3
1993,3
1994,3
1995,2
1996,3
1997,3
1998,3
1999,3
2000,3
2001,2
2002,3
2003,3
2004,3
2005,3
2006,3
2007,3
2008,3
2009,3
2010,3
2011,3
2012,3
2013,3
2014,3
2015,3
2016,3
2017,3
2018,3
2019,3
2020,1
2021,3
2022,3
2023,3
2024,3
2025,3
2026,3
2027,3
2028,1
2029,3
2030,3
2031,3
2032,0
2033,3
2034,3
2035,3
2036,3
2037,3
2038,3
2039,3
2040,3
2041,1
2042,3
2043,3
2044,3
2045,3
2046,3
2047,3
2048,3
2049,3
2050,1
2051,3
2052,3
2053,3
2054,1
2055,3
2056,1
2057,3
2058,1
2059,3
2060,2
2061,3
2062,3
2063,3
2064,3
2065,0
2066,3
2067,3
2068,1
2069,3
2070,1
2071,3
2072,1
2073,3
2074,1
2075,1
2076,3
2077,1
2078,3
2079,1
2080,1
2081,1
2082,1
2083,1
2084,3
2085,3
2086,0
2087,3
2088,3
2089,1
2090,3
2091,2
2092,1
2093,1
2094,2
2095,3
2096,1
2097,3
2098,3
2099,3
2100,1
2101,3
2102,3
2103,1
2104,2
2105,3
2106,3
2107,3
2108,3
2109,3
2110,1
2111,3
2112,3
2113,1
2114,0
2115,1
2116,1
2117,3
2118,1
2119,1
2120,1
2121,1
2122,3
2123,1
2124,3
2125,3
2126,1
2127,3
2128,0
2129,3
2130,3
2131,1
2132,1
2133,1
2134,3
2135,3
2136,2
2137,0
2138,1
2139,0
2140,1
2141,3
2142,1
2143,2
2144,2
2145,3
2146,1
2147,1
2148,1
2149,1
2150,3
2151,1
2152,3
2153,3
2154,3
2155,1
2156,3
2157,3
2158,0
2159,2
2160,2
2161,3
2162,1
2163,2
2164,2
2165,3
2166,3
2167,3
2168,3
2169,1
2170,2
2171,3
2172,1
2173,3
2174,0
2175,1
2176,3
2177,3
2178,2
2179,3
2180,1
2181,1
2182,3
2183,3
2184,2
2185,2
2186,3
2187,3
2188,1
2189,3
2190,2
2191,3
2192,1
2193,3
2194,2
2195,3
2196,3
2197,3
2198,1
2199,3
2200,3
2201,2
2202,1
2203,3
2204,1
2205,1
2206,1
2207,3
2208,3
2209,3
2210,3
2211,1
2212,3
2213,3
2214,3
2215,3
2216,1
2217,3
2218,3
2219,2
2220,2
2221,1
2222,1
2223,1
2224,2
2225,2
2226,0
2227,3
2228,3
2229,2
2230,3
2231,2
2232,3
2233,3
2234,3
2235,3
2236,3
2237,1
2238,3
2239,0
2240,1
2241,3
2242,1
2243,3
2244,2
2245,3
2246,3
2247,1
2248,2
2249,3
2250,3
2251,3
2252,3
2253,3
2254,0
2255,3
2256,3
2257,3
2258,2
2259,1
2260,1
2261,3
2262,3
2263,3
2264,1
2265,2
2266,3
2267,3
2268,2
2269,3
2270,3
2271,1
2272,3
2273,1
2274,2
2275,2
2276,1
2277,0
2278,3
2279,2
2280,3
2281,1
2282,3
2283,1
2284,3
2285,3
2286,1
2287,1
2288,1
2289,2
2290,3
2291,3
2292,2
2293,2
2294,3
2295,1
2296,3
2297,3
2298,3
2299,3
2300,3
2301,1
2302,1
2303,1
2304,3
2305,3
2306,1
2307,3
2308,3
2309,1
2310,3
2311,2
2312,1
2313,1
2314,3
2315,1
2316,2
2317,3
2318,3
2319,3
2320,3
2321,3
2322,3
2323,3
2324,3
2325,1
2326,1
2327,3
2328,3
2329,3
2330,2
2331,1
2332,3
2333,3
2334,2
2335,1
2336,1
2337,3
2338,0
2339,3
2340,1
2341,1
2342,3
2343,3
2344,3
2345,1
2346,1
2347,1
2348,1
2349,1
2350,3
2351,3
2352,3
2353,1
2354,3
2355,1
2356,2
2357,1
2358,3
2359,3
2360,2
2361,3
2362,3
2363,3
2364,2
2365,3
2366,3
2367,3
2368,1
2369,1
2370,3
2371,1
2372,3
2373,3
2374,1
2375,2
2376,1
2377,2
2378,2
2379,1
2380,2
2381,1
2382,3
2383,2
2384,2
2385,1
2386,3
2387,3
2388,3
2389,1
2390,2
2391,1
2392,3
2393,1
2394,1
2395,1
2396,3
2397,1
2398,3
2399,3
2400,3
2401,1
2402,2
2403,3
2404,3
2405,3
2406,2
2407,1
2408,1
2409,1
2410,1
2411,3
2412,2
2413,3
2414,3
2415,3
2416,3
2417,0
2418,3
2419,3
2420,3
2421,3
2422,3
2423,3
2424,3
2425,1
2426,3
2427,3
2428,3
2429,3
2430,3
2431,3
2432,1
2433,3
2434,1
2435,2
2436,1
2437,1
2438,1
2439,2
2440,3
2441,3
2442,1
2443,1
2444,3
2445,1
2446,3
2447,3
2448,3
2449,2
2450,3
2451,3
2452,0
2453,1
2454,3
2455,3
2456,1
2457,1
2458,1
2459,1
2460,3
2461,1
2462,3
2463,2
2464,3
2465,3
2466,3
2467,1
2468,3
2469,1
2470,1
2471,3
2472,2
2473,1
2474,3
2475,3
2476,2
2477,3
2478,3
2479,3
2480,3
2481,1
2482,1
2483,3
2484,3
2485,3
2486,3
2487,2
2488,3
2489,3
2490,3
2491,3
2492,3
2493,3
2494,2
2495,3
2496,1
2497,3
2498,1
2499,2
2500,0
2501,1
2502,3
2503,2
2504,3
2505,3
2506,3
2507,3
2508,1
2509,1
2510,3
2511,3
2512,3
2513,3
2514,1
2515,3
2516,1
2517,3
2518,3
2519,3
2520,3
2521,1
2522,3
2523,2
2524,1
2525,2
2526,3
2527,2
2528,2
2529,1
2530,0
2531,3
2532,3
2533,3
2534,1
2535,1
2536,3
2537,3
2538,2
2539,2
2540,1
2541,1
2542,1
2543,3
2544,1
2545,3
2546,3
2547,1
2548,3
2549,0
2550,3
2551,1
2552,1
2553,1
2554,3
2555,1
2556,3
2557,3
2558,1
2559,3
2560,1
2561,3
2562,3
2563,3
2564,3
2565,3
2566,3
2567,3
2568,3
2569,1
2570,3
2571,3
2572,3
2573,3
2574,1
2575,3
2576,3
2577,3
2578,3
2579,3
2580,1
2581,2
2582,1
2583,1
2584,3
2585,3
2586,1
2587,1
2588,2
2589,1
2590,3
2591,3
2592,3
2593,1
2594,3
2595,1
2596,3
2597,3
2598,1
2599,3
2600,3
2601,3
2602,3
2603,3
2604,2
2605,3
2606,3
2607,0
2608,1
2609,3
2610,2
2611,3
2612,1
2613,3
2614,2
2615,0
2616,3
2617,1
2618,3
2619,2
2620,2
2621,1
2622,3
2623,1
2624,3
2625,1
2626,0
2627,3
2628,3
2629,0
2630,0
2631,3
2632,3
2633,0
2634,1
2635,1
2636,3
2637,3
2638,1
2639,0
2640,3
2641,1
2642,1
2643,3
2644,3
2645,1
2646,3
2647,1
2648,3
2649,3
2650,3
2651,3
2652,1
2653,1
2654,0
2655,1
2656,1
2657,1
2658,1
2659,1
2660,2
2661,1
2662,3
2663,3
2664,3
2665,0
2666,1
2667,1
2668,3
2669,3
2670,3
2671,3
2672,3
2673,1
2674,1
2675,3
2676,2
2677,3
2678,0
2679,1
2680,1
2681,3
2682,2
2683,1
2684,3
2685,3
2686,3
2687,3
2688,3
2689,0
2690,1
2691,3
2692,1
2693,1
2694,3
2695,3
2696,3
2697,3
2698,3
2699,3
2700,1
2701,3
2702,2
2703,3
2704,3
2705,1
2706,2
2707,3
2708,3
2709,3
2710,1
2711,1
2712,3
2713,3
2714,1
2715,3
2716,0
2717,3
2718,3
2719,3
2720,3
2721,1
2722,0
2723,3
2724,2
2725,2
2726,3
2727,3
2728,1
2729,2
2730,1
2731,0
2732,3
2733,3
2734,3
2735,1
2736,3
2737,1
2738,0
2739,1
2740,3
2741,3
2742,2
2743,3
2744,2
2745,3
2746,3
2747,0
2748,3
2749,1
2750,1
2751,3
2752,2
2753,3
2754,1
2755,1
2756,3
2757,3
2758,2
2759,1
2760,3
2761,3
2762,1
2763,3
2764,1
2765,3
2766,3
2767,1
2768,1
2769,3
2770,3
2771,0
2772,3
2773,3
2774,3
2775,3
2776,1
2777,3
2778,2
2779,3
2780,2
2781,1
2782,3
2783,1
2784,3
2785,3
2786,1
2787,1
2788,1
2789,1
2790,0
2791,3
2792,1
2793,3
2794,2
2795,1
2796,1
2797,1
2798,3
2799,1
2800,1
2801,3
2802,3
2803,3
2804,3
2805,1
2806,3
2807,3
2808,1
2809,3
2810,3
2811,3
2812,1
2813,3
2814,1
2815,0
2816,1
2817,1
2818,1
2819,2
2820,2
2821,1
2822,3
2823,1
2824,3
2825,3
2826,1
2827,3
2828,3
2829,3
2830,2
2831,3
2832,2
2833,0
2834,3
2835,1
2836,3
2837,0
2838,3
2839,3
2840,2
2841,3
2842,3
2843,2
2844,1
2845,3
2846,1
2847,3
2848,2
2849,3
2850,1
2851,1
2852,3
2853,1
2854,2
2855,1
2856,2
2857,0
2858,3
2859,1
2860,3
2861,3
2862,3
2863,1
2864,0
2865,3
2866,3
2867,1
2868,3
2869,3
2870,1
2871,3
2872,3
2873,3
2874,3
2875,3
2876,0
2877,2
2878,3
2879,3
2880,3
2881,2
2882,1
2883,1
2884,1
2885,3
2886,1
2887,3
2888,0
2889,3
2890,2
2891,2
2892,3
2893,1
2894,2
2895,1
2896,3
2897,1
2898,3
2899,3
2900,3
2901,2
2902,2
2903,2
2904,3
2905,3
2906,3
2907,3
2908,3
2909,1
2910,2
2911,3
2912,1
2913,3
2914,3
2915,1
2916,1
2917,1
2918,3
2919,2
2920,1
2921,1
2922,3
2923,1
2924,1
2925,3
2926,3
2927,3
2928,3
2929,1
2930,1
2931,1
2932,2
2933,1
2934,3
2935,3
2936,2
2937,3
2938,3
2939,1
2940,1
2941,1
2942,1
2943,3
2944,1
2945,2
2946,3
2947,1
2948,3
2949,3
2950,2
2951,2
2952,1
2953,1
2954,3
2955,1
2956,0
2957,3
2958,3
2959,3
2960,1
2961,3
2962,0
2963,3
2964,0
2965,3
2966,1
2967,3
2968,3
2969,3
2970,3
2971,3
2972,3
2973,0
2974,3
2975,3
2976,1
2977,3
2978,1
2979,3
2980,3
2981,3
2982,3
2983,2
2984,3
2985,1
2986,3
2987,3
2988,1
2989,3
2990,3
2991,3
2992,2
2993,3
2994,3
2995,3
2996,0
2997,1
2998,3
2999,1
3000,1
3001,3
3002,3
3003,1
3004,3
3005,3
3006,3
3007,1
3008,2
3009,1
3010,3
3011,3
3012,0
3013,3
3014,1
3015,3
3016,3
3017,1
3018,1
3019,3
3020,3
3021,1
3022,3
3023,3
3024,3
3025,1
3026,2
3027,3
3028,3
3029,1
3030,3
3031,1
3032,3
3033,3
3034,1
3035,3
3036,3
3037,3
3038,1
3039,3
3040,3
3041,3
3042,0
3043,3
3044,1
3045,3
3046,3
3047,3
3048,3
3049,3
3050,3
3051,1
3052,2
3053,3
3054,3
3055,3
3056,3
3057,3
3058,1
3059,3
3060,3
3061,3
3062,3
3063,3
3064,3
3065,1
3066,1
3067,1
3068,2
3069,0
3070,3
3071,3
3072,3
3073,1
3074,3
3075,3
3076,1
3077,1
3078,3
3079,1
3080,3
3081,3
3082,0
3083,2
3084,3
3085,1
3086,1
3087,3
3088,3
3089,1
3090,3
3091,1
3092,1
3093,3
3094,3
3095,2
3096,1
3097,3
3098,1
3099,3
3100,1
3101,2
3102,2
3103,3
3104,1
3105,3
3106,2
3107,2
3108,3
3109,3
3110,1
3111,3
3112,3
3113,3
3114,3
3115,0
3116,1
3117,1
3118,1
3119,1
3120,1
3121,0
3122,1
3123,2
3124,3
3125,2
3126,3
3127,3
3128,1
3129,1
3130,1
3131,1
3132,2
3133,3
3134,1
3135,1
3136,1
3137,3
3138,3
3139,3
3140,2
3141,2
3142,3
3143,1
3144,2
3145,3
3146,1
3147,3
3148,3
3149,1
3150,3
3151,1
3152,3
3153,0
3154,1
3155,3
3156,3
3157,1
3158,3
3159,1
3160,1
3161,3
3162,3
3163,1
3164,1
3165,3
3166,1
3167,1
3168,1
3169,2
3170,3
3171,3
3172,1
3173,2
3174,1
3175,2
3176,1
3177,3
3178,3
3179,3
3180,3
3181,1
3182,3
3183,2
3184,0
3185,3
3186,3
3187,1
3188,1
3189,0
3190,1
3191,3
3192,2
3193,3
3194,3
3195,3
3196,1
3197,3
3198,3
3199,3
3200,2
3201,3
3202,2
3203,1
3204,3
3205,1
3206,3
3207,1
3208,2
3209,1
3210,3
3211,3
3212,3
3213,3
3214,1
3215,2
3216,1
3217,3
3218,1
3219,3
3220,1
3221,3
3222,3
3223,3
3224,3
3225,3
3226,1
3227,3
3228,1
3229,3
3230,3
3231,3
3232,2
3233,1
3234,1
3235,3
3236,1
3237,2
3238,3
3239,1
3240,1
3241,2
3242,3
3243,3
3244,1
3245,3
3246,1
3247,2
3248,3
3249,3
3250,2
3251,3
3252,3
3253,1
3254,1
3255,2
3256,3
3257,1
3258,1
3259,3
3260,3
3261,1
3262,2
3263,3
3264,1
3265,3
3266,3
3267,1
3268,3
3269,1
3270,1
3271,2
3272,3
3273,1
3274,2
3275,1
3276,3
3277,3
3278,2
3279,3
3280,1
3281,3
3282,2
3283,1
3284,3
3285,3
3286,1
3287,1
3288,3
3289,2
3290,2
3291,3
3292,3
3293,3
3294,3
3295,2
3296,3
3297,3
3298,3
3299,3
3300,3
3301,1
3302,3
3303,1
3304,1
3305,3
3306,1
3307,3
3308,3
3309,3
3310,1
3311,2
3312,3
3313,1
3314,3
3315,1
3316,1
3317,3
3318,3
3319,2
3320,1
3321,3
3322,1
3323,1
3324,1
3325,3
3326,1
3327,3
3328,3
3329,3
3330,3
3331,1
3332,3
3333,2
3334,1
3335,3
3336,3
3337,1
3338,3
3339,3
3340,1
3341,3
3342,3
3343,3
3344,3
3345,0
3346,2
3347,2
3348,2
3349,3
3350,2
3351,2
3352,3
3353,3
3354,1
3355,1
3356,3
3357,1
3358,3
3359,3
3360,1
3361,1
3362,1
3363,1
3364,1
3365,3
3366,3
3367,0
3368,1
3369,2
3370,3
3371,3
3372,0
3373,1
3374,1
3375,3
3376,1
3377,1
3378,1
3379,1
3380,0
3381,1
3382,3
3383,1
3384,3
3385,3
3386,0
3387,1
3388,2
3389,3
3390,2
3391,3
3392,2
3393,3
3394,3
3395,1
3396,1
3397,3
3398,1
3399,1
3400,1
3401,3
3402,2
3403,3
3404,1
3405,1
3406,1
3407,3
3408,1
3409,3
3410,3
3411,1
3412,1
3413,1
3414,1
3415,3
3416,3
3417,1
3418,2
3419,0
3420,1
3421,1
3422,3
3423,3
3424,3
3425,3
3426,1
3427,3
3428,3
3429,2
3430,3
3431,1
3432,1
3433,3
3434,1
3435,1
3436,3
3437,3
3438,3
3439,3
3440,1
3441,3
3442,3
3443,3
3444,3
3445,3
3446,1
3447,1
3448,3
3449,3
3450,3
3451,3
3452,3
3453,3
3454,3
3455,3
3456,0
3457,2
3458,3
3459,2
3460,3
3461,1
3462,3
3463,3
3464,2
3465,1
3466,1
3467,3
3468,2
3469,3
3470,2
3471,3
3472,2
3473,1
3474,3
3475,1
3476,3
3477,2
3478,3
3479,1
3480,1
3481,1
3482,1
3483,1
3484,2
3485,3
3486,3
3487,3
3488,3
3489,3
3490,0
3491,3
3492,3
3493,3
3494,1
3495,3
3496,3
3497,1
3498,2
3499,2
3500,3
3501,3
3502,1
3503,3
3504,3
3505,3
3506,3
3507,3
3508,2
3509,1
3510,1
3511,1
3512,3
3513,0
3514,3
3515,1
3516,3
3517,3
3518,3
3519,1
3520,1
3521,3
3522,3
3523,3
3524,3
3525,1
3526,3
3527,3
3528,3
3529,2
3530,3
3531,1
3532,2
3533,3
3534,1
3535,3
3536,1
3537,3
3538,3
3539,1
3540,3
3541,1
3542,1
3543,2
3544,1
3545,3
3546,1
3547,0
3548,2
3549,1
3550,3
3551,3
3552,1
3553,1
3554,1
3555,1
3556,3
3557,3
3558,2
3559,1
3560,3
3561,3
3562,0
3563,3
3564,1
3565,3
3566,3
3567,2
3568,1
3569,1
3570,1
3571,3
3572,3
3573,3
3574,1
3575,1
3576,2
3577,2
3578,1
3579,1
3580,2
3581,1
3582,1
3583,1
3584,2
3585,3
3586,2
3587,3
3588,1
3589,2
3590,0
3591,1
3592,3
3593,3
3594,1
3595,1
3596,3
3597,3
3598,3
3599,1
3600,1
3601,3
3602,1
3603,3
3604,1
3605,1
3606,2
3607,3
3608,2
3609,2
3610,0
3611,1
3612,1
3613,3
3614,3
3615,3
3616,1
3617,1
3618,2
3619,1
3620,3
3621,3
3622,3
3623,3
3624,1
3625,1
3626,3
3627,1
3628,1
3629,1
3630,1
3631,1
3632,1
3633,1
3634,1
3635,3
3636,3
3637,3
3638,1
3639,1
3640,3
3641,3
3642,3
3643,3
3644,3
3645,1
3646,3
3647,3
3648,1
3649,3
3650,3
3651,3
3652,3
3653,1
3654,3
3655,1
3656,1
3657,1
3658,0
3659,1
3660,3
3661,3
3662,3
3663,1
3664,2
3665,1
3666,3
3667,3
3668,0
3669,3
3670,3
3671,3
3672,2
3673,0
3674,1
3675,3
3676,3
3677,3
3678,1
3679,1
3680,3
3681,2
3682,3
3683,3
3684,1
3685,2
3686,0
3687,2
3688,3
3689,3
3690,3
3691,2
3692,3
3693,1
3694,3
3695,3
3696,1
3697,2
3698,1
3699,3
3700,1
3701,3
3702,3
3703,1
3704,1
3705,3
3706,2
3707,3
3708,3
3709,3
3710,1
3711,1
3712,3
3713,1
3714,3
3715,2
3716,3
3717,3
3718,3
3719,1
3720,1
3721,3
3722,2
3723,1
3724,3
3725,2
3726,1
3727,3
3728,1
3729,3
3730,1
3731,2
3732,3
3733,3
3734,0
3735,2
3736,3
3737,2
3738,0
3739,3
3740,3
3741,3
3742,0
3743,3
3744,3
3745,1
3746,1
3747,3
3748,3
3749,0
3750,3
3751,3
3752,2
3753,0
3754,2
3755,1
3756,1
3757,1
3758,1
3759,3
3760,3
3761,1
3762,2
3763,3
3764,3
3765,3
3766,3
3767,2
3768,3
3769,2
3770,1
3771,3
3772,3
3773,3
3774,1
3775,3
3776,3
3777,3
3778,1
3779,1
3780,3
3781,1
3782,1
3783,3
3784,1
3785,3
3786,3
3787,2
3788,3
3789,1
3790,1
3791,3
3792,2
3793,1
3794,3
3795,1
3796,2
3797,1
3798,2
3799,3
3800,1
3801,3
3802,0
3803,1
3804,1
3805,2
3806,3
3807,3
3808,3
3809,1
3810,1
3811,3
3812,2
3813,1
3814,3
3815,3
3816,3
3817,3
3818,3
3819,1
3820,1
3821,3
3822,3
3823,3
3824,2
3825,1
3826,1
3827,1
3828,1
3829,1
3830,1
3831,3
3832,3
3833,3
3834,0
3835,1
3836,2
3837,3
3838,1
3839,3
3840,1
3841,2
3842,2
3843,1
3844,1
3845,3
3846,3
3847,3
3848,2
3849,1
3850,1
3851,3
3852,1
3853,3
3854,3
3855,3
3856,3
3857,3
3858,1
3859,3
3860,3
3861,1
3862,1
3863,2
3864,2
3865,1
3866,1
3867,1
3868,1
3869,3
3870,1
3871,3
3872,2
3873,1
3874,1
3875,3
3876,3
3877,2
3878,3
3879,1
3880,3
3881,3
3882,3
3883,3
3884,2
3885,3
3886,1
3887,1
3888,3
3889,2
3890,3
3891,1
3892,3
3893,3
3894,1
3895,3
3896,0
3897,3
3898,3
3899,3
3900,0
3901,3
3902,2
3903,3
3904,2
3905,1
3906,1
3907,1
3908,3
3909,3
3910,1
3911,1
3912,3
3913,3
3914,1
3915,1
3916,2
3917,3
3918,3
3919,3
3920,1
3921,3
3922,3
3923,1
3924,1
3925,3
3926,3
3927,3
3928,2
3929,2
3930,3
3931,2
3932,3
3933,1
3934,1
3935,0
3936,2
3937,3
3938,3
3939,1
3940,3
3941,3
3942,3
3943,3
3944,3
3945,3
3946,3
3947,3
3948,3
3949,3
3950,3
3951,3
3952,3
3953,2
3954,3
3955,2
3956,3
3957,1
3958,3
3959,3
3960,2
3961,3
3962,3
3963,0
3964,3
3965,3
3966,3
3967,3
3968,3
3969,3
3970,3
3971,1
3972,0
3973,3
3974,3
3975,1
3976,3
3977,3
3978,1
3979,1
3980,1
3981,1
3982,0
3983,1
3984,3
3985,1
3986,3
3987,1
3988,1
3989,1
3990,3
3991,1
3992,1
3993,1
3994,1
3995,1
3996,1
3997,1
3998,1
3999,1
4000,2
4001,2
4002,1
4003,2
4004,3
4005,1
4006,2
4007,2
4008,3
4009,3
4010,3
4011,1
4012,1
4013,2
4014,1
4015,2
4016,3
4017,1
4018,2
4019,2
4020,3
4021,3
4022,1
4023,2
4024,3
4025,3
4026,3
4027,3
4028,3
4029,3
4030,3
4031,1
4032,3
4033,3
4034,3
4035,3
4036,2
4037,3
4038,3
4039,0
4040,3
4041,0
4042,3
4043,3
4044,1
4045,1
4046,3
4047,3
4048,3
4049,3
4050,3
4051,3
4052,3
4053,1
4054,1
4055,1
4056,3
4057,0
4058,1
4059,1
4060,3
4061,0
4062,3
4063,3
4064,3
4065,0
4066,3
4067,1
4068,1
4069,3
4070,1
4071,3
4072,0
4073,3
4074,1
4075,1
4076,3
4077,1
4078,0
4079,3
4080,1
4081,3
4082,1
4083,1
4084,2
4085,1
4086,1
4087,3
4088,1
4089,1
4090,3
4091,1
4092,1
4093,1
4094,1
4095,1
4096,1
4097,3
4098,1
4099,1
4100,1
4101,1
4102,3
4103,1
4104,1
4105,3
4106,1
4107,1
4108,1
4109,1
4110,0
4111,2
4112,0
4113,1
4114,3
4115,1
4116,1
4117,0
4118,3
4119,1
4120,1
4121,1
4122,3
4123,3
4124,1
4125,3
4126,1
4127,1
4128,1
4129,1
4130,0
4131,1
4132,1
4133,3
4134,2
4135,3
4136,1
4137,3
4138,1
4139,1
4140,1
4141,2
4142,3
4143,3
4144,3
4145,1
4146,3
4147,2
4148,3
4149,2
4150,3
4151,3
4152,1
4153,1
4154,3
4155,1
4156,2
4157,3
4158,3
4159,3
4160,1
4161,3
4162,3
4163,2
4164,3
4165,2
4166,3
4167,3
4168,3
4169,2
4170,3
4171,3
4172,2
4173,3
4174,3
4175,3
4176,3
4177,3
4178,2
4179,3
4180,3
4181,3
4182,3
4183,1
4184,3
4185,3
4186,3
4187,2
4188,1
4189,3
4190,3
4191,3
4192,3
4193,3
4194,3
4195,3
4196,3
4197,3
4198,3
4199,3
4200,0
4201,0
4202,3
4203,2
4204,2
4205,3
4206,0
4207,3
4208,1
4209,0
4210,3
4211,3
4212,1
4213,0
4214,3
4215,3
4216,3
4217,0
4218,1
4219,3
4220,3
4221,3
4222,1
4223,3
4224,3
4225,3
4226,3
4227,3
4228,1
4229,3
4230,3
4231,3
4232,1
4233,3
4234,3
4235,3
4236,3
4237,3
4238,3
4239,3
4240,3
4241,2
4242,0
4243,3
4244,1
4245,2
4246,3
4247,3
4248,2
4249,3
4250,3
4251,1
4252,3
4253,3
4254,0
4255,3
4256,0
4257,3
4258,3
4259,3
4260,3
4261,3
4262,1
4263,3
4264,3
4265,1
4266,3
4267,1
4268,3
4269,2
4270,1
4271,3
4272,1
4273,1
4274,3
4275,1
4276,0
4277,3
4278,3
4279,1
4280,3
4281,3
4282,3
4283,3
4284,1
4285,3
4286,3
4287,3
4288,3
4289,3
4290,1
4291,1
4292,0
4293,0
4294,0
4295,3
4296,3
4297,1
4298,3
4299,1
4300,0
4301,3
4302,1
4303,3
4304,3
4305,0
4306,3
4307,0
4308,3
4309,3
4310,3
4311,0
4312,3
4313,3
4314,3
4315,1
4316,3
4317,3
4318,3
4319,1
4320,1
4321,1
4322,1
4323,1
4324,1
4325,1
4326,1
4327,1
4328,3
4329,3
4330,3
4331,3
4332,3
4333,3
4334,3
4335,3
4336,3
4337,1
4338,3
4339,1
4340,1
4341,1
4342,0
4343,1
4344,3
4345,0
4346,3
4347,1
4348,1
4349,1
4350,1
4351,1
4352,3
4353,1
4354,3
4355,3
4356,3
4357,3
4358,1
4359,1
4360,0
4361,3
4362,3
4363,1
4364,1
4365,3
4366,1
4367,1
4368,3
4369,1
4370,3
4371,3
4372,1
4373,3
4374,0
4375,2
4376,1
4377,1
4378,0
4379,0
4380,3
4381,1
4382,1
4383,2
4384,1
4385,1
4386,1
4387,1
4388,3
4389,0
4390,1
4391,1
4392,1
4393,3
4394,2
4395,0
4396,0
4397,3
4398,1
4399,3
4400,1
4401,3
4402,1
4403,1
4404,3
4405,3
4406,0
4407,1
4408,1
4409,1
4410,2
4411,1
4412,1
4413,1
4414,3
4415,1
4416,3
4417,1
4418,3
4419,1
4420,3
4421,1
4422,0
4423,3
4424,1
4425,3
4426,1
4427,3
4428,2
4429,1
4430,1
4431,1
4432,2
4433,1
4434,1
4435,0
4436,1
4437,3
4438,1
4439,1
4440,1
4441,1
4442,1
4443,3
4444,1
4445,2
4446,1
4447,1
4448,2
4449,2
4450,1
4451,3
4452,1
4453,2
4454,2
4455,2
4456,3
4457,3
4458,1
4459,3
4460,2
4461,3
4462,2
4463,2
4464,3
4465,3
4466,3
4467,1
4468,2
4469,3
4470,3
4471,3
4472,2
4473,1
4474,3
4475,1
4476,3
4477,3
4478,3
4479,2
4480,1
4481,3
4482,1
4483,3
4484,3
4485,3
4486,3
4487,2
4488,1
4489,3
4490,1
4491,3
4492,3
4493,2
4494,3
4495,3
4496,3
4497,3
4498,3
4499,3
4500,2
4501,3
4502,3
4503,2
4504,3
4505,3
4506,3
4507,2
4508,2
4509,2
4510,3
4511,3
4512,1
4513,1
4514,2
4515,3
4516,2
4517,1
4518,1
4519,3
4520,3
4521,2
4522,3
4523,1
4524,1
4525,3
4526,1
4527,3
4528,2
4529,2
4530,3
4531,3
4532,1
4533,1
4534,3
4535,3
4536,2
4537,3
4538,3
4539,1
4540,3
4541,3
4542,2
4543,3
4544,1
4545,3
4546,1
4547,2
4548,3
4549,1
4550,1
4551,1
4552,1
4553,2
4554,1
4555,1
4556,3
4557,2
4558,1
4559,2
4560,3
4561,3
4562,3
4563,2
4564,3
4565,2
4566,3
4567,2
4568,3
4569,2
4570,2
4571,3
4572,0
4573,1
4574,2
4575,1
4576,3
4577,3
4578,2
4579,3
4580,3
4581,1
4582,2
4583,1
4584,1
4585,1
4586,1
4587,2
4588,1
4589,2
4590,3
4591,1
4592,1
4593,1
4594,1
4595,1
4596,2
4597,2
4598,1
4599,1
4600,1
4601,0
4602,2
4603,1
4604,3
4605,1
4606,1
4607,3
4608,0
4609,1
4610,1
4611,1
4612,3
4613,2
4614,1
4615,1
4616,1
4617,1
4618,1
4619,2
4620,1
4621,1
4622,0
4623,1
4624,1
4625,1
4626,1
4627,1
4628,1
4629,1
4630,1
4631,1
4632,1
4633,3
4634,1
4635,1
4636,2
4637,1
4638,1
4639,1
4640,0
4641,1
4642,3
4643,1
4644,0
4645,1
4646,3
4647,1
4648,1
4649,1
4650,1
4651,1
4652,1
4653,1
4654,1
4655,3
4656,1
4657,1
4658,1
4659,1
4660,1
4661,1
4662,1
4663,3
4664,1
4665,1
4666,1
4667,1
4668,3
4669,3
4670,3
4671,1
4672,3
4673,3
4674,1
4675,1
4676,3
4677,1
4678,3
4679,1
4680,0
4681,0
4682,1
4683,1
4684,3
4685,1
4686,3
4687,1
4688,3
4689,3
4690,3
4691,1
4692,1
4693,1
4694,1
4695,1
4696,0
4697,1
4698,3
4699,0
4700,1
4701,0
4702,2
4703,0
4704,3
4705,3
4706,3
4707,3
4708,1
4709,3
4710,1
4711,1
4712,3
4713,3
4714,3
4715,1
4716,3
4717,3
4718,1
4719,1
4720,3
4721,3
4722,3
4723,1
4724,0
4725,1
4726,0
4727,3
4728,1
4729,3
4730,3
4731,0
4732,1
4733,3
4734,0
4735,1
4736,0
4737,3
4738,1
4739,3
4740,3
4741,3
4742,0
4743,3
4744,1
4745,3
4746,1
4747,0
4748,1
4749,1
4750,1
4751,1
4752,1
4753,3
4754,3
4755,2
4756,3
4757,3
4758,3
4759,1
4760,1
4761,1
4762,3
4763,3
4764,1
4765,1
4766,1
4767,1
4768,1
4769,1
4770,0
4771,1
4772,0
4773,1
4774,1
4775,3
4776,3
4777,1
4778,3
4779,1
4780,1
4781,1
4782,1
4783,3
4784,3
4785,3
4786,3
4787,2
4788,2
4789,1
4790,1
4791,1
4792,3
4793,3
4794,3
4795,1
4796,1
4797,1
4798,1
4799,1
4800,3
4801,0
4802,1
4803,1
4804,1
4805,0
4806,3
4807,1
4808,3
4809,3
4810,1
4811,1
4812,3
4813,3
4814,1
4815,1
4816,1
4817,1
4818,1
4819,3
4820,3
4821,1
4822,1
4823,3
4824,3
4825,3
4826,1
4827,1
4828,1
4829,3
4830,3
4831,3
4832,3
4833,3
4834,1
4835,3
4836,3
4837,0
4838,1
4839,1
4840,3
4841,3
4842,3
4843,3
4844,1
4845,1
4846,1
4847,3
4848,1
4849,3
4850,3
4851,1
4852,3
4853,1
4854,3
4855,3
4856,1
4857,3
4858,1
4859,1
4860,3
4861,3
4862,1
4863,3
4864,3
4865,3
4866,3
4867,3
4868,3
4869,3
4870,3
4871,1
4872,3
4873,3
4874,3
4875,3
4876,2
4877,3
4878,3
4879,1
4880,3
4881,1
4882,3
4883,3
4884,3
4885,3
4886,3
4887,3
4888,3
4889,3
4890,3
4891,2
4892,3
4893,3
4894,3
4895,3
4896,3
4897,3
4898,3
4899,3
4900,3
4901,3
4902,3
4903,3
4904,1
4905,3
4906,3
4907,3
4908,3
4909,3
4910,3
4911,3
4912,2
4913,3
4914,1
4915,3
4916,3
4917,3
4918,3
4919,3
4920,1
4921,3
4922,1
4923,3
4924,3
4925,3
4926,3
4927,3
4928,2
4929,1
4930,3
4931,3
4932,2
4933,0
4934,3
4935,3
4936,1
4937,3
4938,1
4939,3
4940,3
4941,3
4942,3
4943,3
4944,3
4945,3
4946,3
4947,3
4948,3
4949,3
4950,3
4951,3
4952,3
4953,3
4954,1
4955,3
4956,3
4957,3
4958,3
4959,3
4960,3
4961,3
4962,3
4963,3
4964,3
4965,3
4966,3
4967,3
4968,3
4969,1
4970,3
4971,3
4972,2
4973,3
4974,3
4975,2
4976,3
4977,3
4978,3
4979,3
4980,3
4981,3
4982,3
4983,3
4984,1
4985,3
4986,3
4987,3
4988,3
4989,3
4990,3
4991,3
4992,3
4993,3
4994,3
4995,3
4996,3
4997,3
4998,3
4999,3
5000,3
5001,2
5002,3
5003,2
5004,3
5005,3
5006,3
5007,3
5008,3
5009,3
5010,3
5011,1
5012,3
5013,3
5014,2
5015,2
5016,3
5017,3
5018,3
5019,1
5020,1
5021,3
5022,3
5023,3
5024,2
5025,3
5026,3
5027,3
5028,3
5029,3
5030,3
5031,3
5032,3
5033,2
5034,3
5035,2
5036,3
5037,1
5038,2
5039,1
5040,3
5041,3
5042,3
5043,2
5044,3
5045,3
5046,2
5047,1
5048,3
5049,2
5050,3
5051,3
5052,3
5053,2
5054,3
5055,2
5056,3
5057,2
5058,2
5059,3
5060,3
5061,3
5062,3
5063,3
5064,3
5065,3
5066,2
5067,3
5068,3
5069,2
5070,3
5071,3
5072,3
5073,3
5074,3
5075,3
5076,3
5077,2
5078,1
5079,2
5080,2
5081,2
5082,3
5083,3
5084,3
5085,1
5086,3
5087,3
5088,0
5089,1
5090,3
5091,2
5092,3
5093,1
5094,3
5095,3
5096,3
5097,3
5098,3
5099,2
5100,3
5101,0
5102,3
5103,2
5104,3
5105,3
5106,3
5107,3
5108,3
5109,2
5110,3
5111,2
5112,3
5113,2
5114,3
5115,3
5116,3
5117,3
5118,3
5119,3
5120,3
5121,1
5122,3
5123,3
5124,2
5125,3
5126,3
5127,3
5128,3
5129,3
5130,3
5131,2
5132,3
5133,1
5134,3
5135,3
5136,3
5137,3
5138,3
5139,3
5140,3
5141,3
5142,3
5143,2
5144,3
5145,2
5146,3
5147,3
5148,3
5149,2
5150,1
5151,1
5152,3
5153,3
5154,3
5155,3
5156,3
5157,3
5158,3
5159,2
5160,1
5161,2
5162,3
5163,3
5164,1
5165,3
5166,3
5167,2
5168,3
5169,1
5170,2
5171,2
5172,3
5173,3
5174,1
5175,2
5176,3
5177,2
5178,1
5179,1
5180,3
5181,3
5182,3
5183,2
5184,3
5185,2
5186,3
5187,2
5188,3
5189,3
5190,3
5191,2
5192,2
5193,1
5194,3
5195,3
5196,3
5197,1
5198,3
5199,3
5200,2
5201,3
5202,1
5203,3
5204,3
5205,2
5206,3
5207,3
5208,3
5209,3
5210,3
5211,1
5212,3
5213,3
5214,2
5215,2
5216,1
5217,1
5218,2
5219,2
5220,3
5221,3
5222,2
5223,2
5224,2
5225,2
5226,3
5227,1
5228,1
5229,1
5230,3
5231,1
5232,2
5233,2
5234,3
5235,1
5236,3
5237,3
5238,2
5239,1
5240,2
5241,1
5242,3
5243,1
5244,1
5245,1
5246,3
5247,1
5248,2
5249,1
5250,3
5251,1
5252,1
5253,1
5254,2
5255,2
5256,1
5257,1
5258,2
5259,1
5260,1
5261,1
5262,1
5263,1
5264,2
5265,3
5266,1
5267,1
5268,3
5269,1
5270,3
5271,2
5272,1
5273,1
5274,1
5275,1
5276,2
5277,1
5278,1
5279,1
5280,1
5281,1
5282,1
5283,1
5284,3
5285,1
5286,1
5287,1
5288,1
5289,1
5290,1
5291,3
5292,2
5293,1
5294,1
5295,3
5296,1
5297,2
5298,2
5299,0
5300,3
5301,1
5302,1
5303,1
5304,1
5305,3
5306,1
5307,1
5308,1
5309,1
5310,3
5311,1
5312,1
5313,1
5314,3
5315,1
5316,3
5317,1
5318,1
5319,2
5320,1
5321,3
5322,1
5323,1
5324,1
5325,1
5326,1
5327,1
5328,1
5329,1
5330,1
5331,1
5332,1
5333,1
5334,1
5335,1
5336,1
5337,2
5338,3
5339,1
5340,1
5341,1
5342,3
5343,1
5344,2
5345,2
5346,2
5347,1
5348,1
5349,1
5350,3
5351,1
5352,1
5353,2
5354,2
5355,2
5356,1
5357,2
5358,1
5359,1
5360,3
5361,3
5362,1
5363,2
5364,3
5365,2
5366,1
5367,2
5368,1
5369,2
5370,2
5371,2
5372,2
5373,2
5374,1
5375,1
5376,1
5377,2
5378,1
5379,2
5380,2
5381,1
5382,3
5383,1
5384,1
5385,1
5386,1
5387,2
5388,3
5389,3
5390,1
5391,1
5392,2
5393,1
5394,1
5395,1
5396,1
5397,1
5398,1
5399,2
5400,1
5401,2
5402,2
5403,3
5404,3
5405,3
5406,2
5407,1
5408,2
5409,3
5410,1
5411,1
5412,3
5413,1
5414,1
5415,1
5416,2
5417,3
5418,2
5419,1
5420,1
5421,2
5422,1
5423,3
5424,3
5425,3
5426,3
5427,1
5428,3
5429,1
5430,2
5431,3
5432,1
5433,2
5434,3
5435,2
5436,3
5437,2
5438,0
5439,3
5440,2
5441,3
5442,1
5443,1
5444,1
5445,2
5446,3
5447,1
5448,3
5449,1
5450,1
5451,1
5452,0
5453,1
5454,1
5455,1
5456,2
5457,2
5458,1
5459,1
5460,1
5461,3
5462,3
5463,3
5464,2
5465,1
5466,1
5467,3
5468,1
5469,2
5470,3
5471,1
5472,1
5473,1
5474,3
5475,1
5476,1
5477,1
5478,2
5479,1
5480,1
5481,1
5482,2
5483,1
5484,2
5485,1
5486,2
5487,1
5488,1
5489,1
5490,3
5491,2
5492,3
5493,1
5494,0
5495,0
5496,3
5497,1
5498,1
5499,1
5500,1
5501,1
5502,1
5503,1
5504,3
5505,1
5506,1
5507,2
5508,0
5509,3
5510,2
5511,2
5512,2
5513,1
5514,1
5515,3
5516,1
5517,2
5518,2
5519,3
5520,1
5521,3
5522,2
5523,2
5524,3
5525,2
5526,3
5527,1
5528,3
5529,2
5530,3
5531,3
5532,3
5533,2
5534,3
5535,1
5536,3
5537,1
5538,3
5539,3
5540,3
5541,2
5542,3
5543,3
5544,3
5545,3
5546,3
5547,1
5548,3
5549,2
5550,3
5551,1
5552,1
5553,3
5554,3
5555,3
5556,3
5557,3
5558,3
5559,3
5560,1
5561,0
5562,3
5563,3
5564,3
5565,1
5566,3
5567,0
5568,1
5569,1
5570,1
5571,1
5572,3
5573,1
5574,0
5575,0
5576,1
5577,3
5578,1
5579,1
5580,3
5581,1
5582,1
5583,1
5584,1
5585,2
5586,1
5587,1
5588,1
5589,1
5590,1
5591,0
5592,2
5593,1
5594,2
5595,2
5596,3
5597,2
5598,1
5599,1
5600,1
5601,1
5602,1
5603,3
5604,1
5605,1
5606,1
5607,1
5608,2
5609,1
5610,1
5611,3
5612,1
5613,3
5614,3
5615,3
5616,3
5617,3
5618,3
5619,3
5620,3
5621,1
5622,3
5623,3
5624,3
5625,1
5626,3
5627,0
5628,1
5629,3
5630,1
5631,1
5632,1
5633,1
5634,1
5635,3
5636,1
5637,2
5638,3
5639,2
5640,1
5641,1
5642,3
5643,2
5644,1
5645,2
5646,2
5647,3
5648,2
5649,1
5650,3
5651,3
5652,3
5653,3
5654,3
5655,3
5656,3
5657,3
5658,3
5659,0
5660,3
5661,1
5662,1
5663,1
5664,3
5665,3
5666,3
5667,0
5668,1
5669,3
5670,1
5671,1
5672,1
5673,1
5674,1
5675,1
5676,1
5677,1
5678,1
5679,1
5680,1
5681,3
5682,3
5683,3
5684,2
5685,3
5686,3
5687,1
5688,2
5689,3
5690,2
5691,1
5692,2
5693,1
5694,1
5695,2
5696,1
5697,1
5698,1
5699,2
5700,2
5701,3
5702,3
5703,1
5704,2
5705,3
5706,2
5707,1
5708,1
5709,3
5710,1
5711,1
5712,3
5713,3
5714,3
5715,3
5716,3
5717,1
5718,3
5719,1
5720,3
5721,3
5722,3
5723,1
5724,2
5725,2
5726,3
5727,2
5728,2
5729,1
5730,3
5731,2
5732,2
5733,1
5734,2
5735,1
5736,3
5737,3
5738,0
5739,2
5740,3
5741,3
5742,3
5743,1
5744,1
5745,1
5746,0
5747,1
5748,0
5749,0
5750,1
5751,1
5752,2
5753,1
5754,1
5755,1
5756,0
5757,2
5758,1
5759,1
5760,1
5761,1
5762,1
5763,1
5764,3
5765,2
5766,1
5767,1
5768,1
5769,3
5770,1
5771,1
5772,1
5773,1
5774,1
5775,1
5776,1
5777,3
5778,1
5779,1
5780,1
5781,1
5782,1
5783,1
5784,0
5785,1
5786,3
5787,3
5788,1
5789,0
5790,1
5791,0
5792,1
5793,1
5794,1
5795,3
5796,3
5797,0
5798,0
5799,1
5800,1
5801,1
5802,1
5803,1
5804,3
5805,3
5806,1
5807,3
5808,1
5809,1
5810,3
5811,1
5812,1
5813,3
5814,3
5815,1
5816,3
5817,3
5818,3
5819,3
5820,3
5821,3
5822,1
5823,0
5824,3
5825,1
5826,2
5827,3
5828,3
5829,3
5830,3
5831,0
5832,0
5833,3
5834,3
5835,3
5836,3
5837,3
5838,3
5839,3
5840,3
5841,3
5842,3
5843,3
5844,1
5845,3
5846,3
5847,3
5848,2
5849,3
5850,3
5851,3
5852,3
5853,3
5854,2
5855,3
5856,2
5857,3
5858,3
5859,2
5860,3
5861,3
5862,2
5863,3
5864,3
5865,1
5866,2
5867,0
5868,3
5869,3
5870,1
5871,0
5872,3
5873,3
5874,3
5875,2
5876,3
5877,2
5878,3
5879,3
5880,2
5881,3
5882,3
5883,3
5884,1
5885,1
5886,1
5887,3
5888,2
5889,3
5890,1
5891,3
5892,1
5893,1
5894,1
5895,3
5896,1
5897,3
5898,3
5899,3
5900,1
5901,1
5902,3
5903,2
5904,2
5905,2
5906,3
5907,2
5908,2
5909,3
5910,3
5911,3
5912,1
5913,1
5914,3
5915,3
5916,3
5917,3
5918,3
5919,3
5920,2
5921,3
5922,2
5923,3
5924,2
5925,3
5926,3
5927,1
5928,3
5929,2
5930,2
5931,3
5932,3
5933,3
5934,3
5935,0
5936,3
5937,3
5938,3
5939,3
5940,3
5941,0
5942,3
5943,3
5944,3
5945,3
5946,3
5947,1
5948,0
5949,3
5950,3
5951,3
5952,3
5953,3
5954,3
5955,3
5956,1
5957,3
5958,3
5959,3
5960,3
5961,1
5962,3
5963,3
5964,1
5965,3
5966,3
5967,3
5968,3
5969,3
5970,3
5971,1
5972,3
5973,1
5974,1
5975,3
5976,1
5977,3
5978,3
5979,3
5980,3
5981,3
5982,3
5983,3
5984,3
5985,3
5986,3
5987,3
5988,3
5989,3
5990,3
5991,3
5992,3
5993,3
5994,3
5995,3
5996,3
5997,3
5998,3
5999,3
6000,3
6001,3
6002,2
6003,1
6004,3
6005,3
6006,3
6007,3
6008,3
6009,3
6010,3
6011,3
6012,3
6013,2
6014,3
6015,3
6016,3
6017,2
6018,3
6019,3
6020,1
6021,3
6022,3
6023,2
6024,2
6025,3
6026,3
6027,2
6028,3
6029,3
6030,3
6031,3
6032,1
6033,1
6034,3
6035,1
6036,2
6037,1
6038,2
6039,2
6040,3
6041,3
6042,1
6043,1
6044,2
6045,1
6046,3
6047,3
6048,1
6049,2
6050,2
6051,1
6052,3
6053,3
6054,2
6055,1
6056,3
6057,2
6058,2
6059,3
6060,3
6061,1
6062,3
6063,3
6064,3
6065,1
6066,2
6067,1
6068,2
6069,1
6070,2
6071,2
6072,3
6073,2
6074,3
6075,2
6076,3
6077,3
6078,3
6079,3
6080,3
6081,3
6082,3
6083,3
6084,3
6085,3
6086,3
6087,3
6088,0
6089,3
6090,3
6091,2
6092,3
6093,3
6094,3
6095,3
6096,1
6097,3
6098,3
6099,3
6100,2
6101,3
6102,3
6103,3
6104,3
6105,2
6106,3
6107,3
6108,3
6109,3
6110,3
6111,3
6112,2
6113,3
6114,3
6115,3
6116,2
6117,3
6118,3
6119,2
6120,3
6121,2
6122,2
6123,3
6124,2
6125,3
6126,3
6127,3
6128,3
6129,3
6130,3
6131,3
6132,3
6133,3
6134,3
6135,1
6136,3
6137,3
6138,3
6139,3
6140,2
6141,3
6142,3
6143,3
6144,1
6145,1
6146,2
6147,3
6148,2
6149,2
6150,3
6151,2
6152,2
6153,1
6154,3
6155,3
6156,1
6157,2
6158,2
6159,1
6160,3
6161,3
6162,2
6163,3
6164,3
6165,1
6166,3
6167,1
6168,1
6169,3
6170,1
6171,3
6172,0
6173,2
6174,3
6175,1
6176,1
6177,1
6178,2
6179,3
6180,3
6181,3
6182,2
6183,1
6184,2
6185,3
6186,3
6187,1
6188,3
6189,3
6190,2
6191,2
6192,3
6193,3
6194,3
6195,3
6196,3
6197,2
6198,3
6199,3
6200,1
6201,1
6202,3
6203,3
6204,2
6205,3
6206,0
6207,3
6208,2
6209,3
6210,2
6211,3
6212,2
6213,2
6214,3
6215,3
6216,3
6217,3
6218,2
6219,3
6220,3
6221,3
6222,3
6223,2
6224,3
6225,3
6226,1
6227,3
6228,1
6229,3
6230,1
6231,3
6232,1
6233,2
6234,1
6235,3
6236,3
6237,3
6238,3
6239,2
6240,2
6241,3
6242,1
6243,3
6244,1
6245,2
6246,3
6247,0
6248,3
6249,2
6250,3
6251,1
6252,3
6253,1
6254,3
6255,3
6256,3
6257,1
6258,3
6259,2
6260,2
6261,3
6262,1
6263,1
6264,1
6265,3
6266,3
6267,1
6268,1
6269,1
6270,1
6271,1
6272,3
6273,1
6274,2
6275,2
6276,1
6277,2
6278,1
6279,0
6280,1
6281,2
6282,1
6283,1
6284,3
6285,1
6286,1
6287,1
6288,1
6289,3
6290,2
6291,2
6292,1
6293,1
6294,3
6295,1
6296,3
6297,1
6298,1
6299,1
6300,1
6301,3
6302,2
6303,3
6304,1
6305,1
6306,3
6307,1
6308,1
6309,3
6310,1
6311,1
6312,1
6313,0
6314,1
6315,1
6316,2
6317,3
6318,2
6319,3
6320,1
6321,1
6322,2
6323,1
6324,0
6325,2
6326,3
6327,2
6328,2
6329,1
6330,1
6331,1
6332,1
6333,3
6334,1
6335,1
6336,0
6337,3
6338,1
6339,3
6340,2
6341,2
6342,3
6343,1
6344,2
6345,3
6346,2
6347,1
6348,2
6349,2
6350,3
6351,1
6352,3
6353,3
6354,1
6355,3
6356,3
6357,2
6358,3
6359,2
6360,1
6361,1
6362,3
6363,1
6364,1
6365,2
6366,2
6367,3
6368,2
6369,1
6370,2
6371,2
6372,2
6373,3
6374,2
6375,1
6376,1
6377,1
6378,3
6379,1
6380,3
6381,2
6382,1
6383,1
6384,3
6385,1
6386,1
6387,1
6388,1
6389,2
6390,1
6391,2
6392,2
6393,1
6394,3
6395,2
6396,1
6397,1
6398,2
6399,2
6400,1
6401,1
6402,1
6403,1
6404,1
6405,1
6406,1
6407,2
6408,1
6409,1
6410,3
6411,1
6412,3
6413,1
6414,2
6415,1
6416,3
6417,1
6418,0
6419,1
6420,2
6421,3
6422,1
6423,2
6424,1
6425,1
6426,3
6427,1
6428,1
6429,1
6430,2
6431,1
6432,1
6433,2
6434,1
6435,3
6436,1
6437,3
6438,3
6439,1
6440,1
6441,1
6442,1
6443,3
6444,1
6445,3
6446,1
6447,1
6448,3
6449,3
6450,1
6451,3
6452,3
6453,1
6454,1
6455,3
6456,1
6457,2
6458,2
6459,3
6460,3
6461,2
6462,3
6463,3
6464,3
6465,3
6466,3
6467,2
6468,3
6469,3
6470,3
6471,1
6472,3
6473,0
6474,3
6475,1
6476,0
6477,3
6478,3
6479,3
6480,1
6481,3
6482,3
6483,1
6484,3
6485,3
6486,1
6487,1
6488,3
6489,1
6490,3
6491,3
6492,0
6493,3
6494,1
6495,2
6496,0
6497,1
6498,3
6499,3
6500,0
6501,1
6502,2
6503,3
6504,1
6505,1
6506,1
6507,1
6508,1
6509,1
6510,1
6511,3
6512,1
6513,1
6514,1
6515,1
6516,3
6517,3
6518,3
6519,0
6520,1
6521,3
6522,1
6523,1
6524,3
6525,1
6526,3
6527,3
6528,1
6529,1
6530,3
6531,1
6532,3
6533,3
6534,3
6535,1
6536,3
6537,3
6538,0
6539,3
6540,1
6541,3
6542,0
6543,1
6544,3
6545,1
6546,3
6547,3
6548,1
6549,1
6550,0
6551,1
6552,3
6553,0
6554,0
6555,3
6556,1
6557,1
6558,1
6559,3
6560,3
6561,3
6562,3
6563,3
6564,0
6565,1
6566,1
6567,3
6568,1
6569,2
6570,3
6571,0
6572,3
6573,3
6574,3
6575,3
6576,2
6577,3
6578,1
6579,3
6580,3
6581,3
6582,3
6583,3
6584,0
6585,0
6586,3
6587,3
6588,1
6589,3
6590,3
6591,3
6592,0
6593,3
6594,3
6595,3
6596,3
6597,3
6598,1
6599,3
6600,3
6601,1
6602,3
6603,3
6604,3
6605,3
6606,2
6607,0
6608,3
6609,3
6610,3
6611,3
6612,3
6613,1
6614,3
6615,3
6616,3
6617,3
6618,3
6619,3
6620,3
6621,3
6622,3
6623,3
6624,3
6625,3
6626,1
6627,2
6628,3
6629,3
6630,3
6631,3
6632,3
6633,3
6634,2
6635,3
6636,3
6637,3
6638,1
6639,3
6640,3
6641,3
6642,3
6643,3
6644,3
6645,3
6646,1
6647,3
6648,0
6649,3
6650,1
6651,3
6652,1
6653,3
6654,3
6655,3
6656,3
6657,1
6658,3
6659,3
6660,3
6661,3
6662,0
6663,3
6664,3
6665,3
6666,3
6667,3
6668,3
6669,3
6670,3
6671,3
6672,0
6673,3
6674,3
6675,3
6676,3
6677,3
6678,3
6679,3
6680,3
6681,3
6682,3
6683,3
6684,3
6685,3
6686,3
6687,3
6688,3
6689,3
6690,2
6691,1
6692,3
6693,3
6694,3
6695,3
6696,2
6697,3
6698,1
6699,2
6700,3
6701,1
6702,3
6703,3
6704,3
6705,3
6706,3
6707,3
6708,1
6709,3
6710,2
6711,3
6712,3
6713,3
6714,2
6715,3
6716,2
6717,3
6718,3
6719,2
6720,3
6721,3
6722,1
6723,3
6724,2
6725,3
6726,2
6727,3
6728,3
6729,2
6730,3
6731,3
6732,1
6733,3
6734,3
6735,1
6736,3
6737,2
6738,2
6739,3
6740,3
6741,2
6742,2
6743,3
6744,2
6745,3
6746,3
6747,3
6748,3
6749,3
6750,1
6751,3
6752,1
6753,1
6754,1
6755,2
6756,3
6757,2
6758,3
6759,3
6760,1
6761,3
6762,2
6763,2
6764,1
6765,1
6766,3
6767,3
6768,2
6769,3
6770,3
6771,2
6772,3
6773,3
6774,1
6775,3
6776,3
6777,2
6778,1
6779,3
6780,2
6781,3
6782,3
6783,2
6784,3
6785,3
6786,2
6787,3
6788,3
6789,2
6790,3
6791,2
6792,3
6793,2
6794,3
6795,3
6796,1
6797,2
6798,3
6799,3
6800,2
6801,3
6802,1
6803,2
6804,3
6805,3
6806,3
6807,3
6808,1
6809,3
6810,2
6811,3
6812,3
6813,1
6814,3
6815,2
6816,3
6817,1
6818,3
6819,3
6820,3
6821,3
6822,3
6823,1
6824,1
6825,3
6826,2
6827,3
6828,3
6829,2
6830,1
6831,1
6832,3
6833,1
6834,3
6835,1
6836,3
6837,0
6838,3
6839,3
6840,1
6841,3
6842,2
6843,3
6844,3
6845,3
6846,1
6847,3
6848,3
6849,2
6850,3
6851,2
6852,3
6853,3
6854,1
6855,2
6856,1
6857,2
6858,3
6859,1
6860,1
6861,1
6862,3
6863,3
6864,2
6865,2
6866,3
6867,3
6868,1
6869,1
6870,3
6871,2
6872,3
6873,1
6874,2
6875,3
6876,1
6877,1
6878,1
6879,3
6880,3
6881,1
6882,2
6883,2
6884,3
6885,1
6886,1
6887,1
6888,2
6889,1
6890,2
6891,1
6892,1
6893,1
6894,1
6895,1
6896,2
6897,1
6898,3
6899,3
6900,1
6901,1
6902,1
6903,2
6904,2
6905,1
6906,2
6907,1
6908,1
6909,3
6910,3
6911,1
6912,1
6913,2
6914,1
6915,1
6916,3
6917,2
6918,3
6919,3
6920,3
6921,2
6922,0
6923,1
6924,3
6925,3
6926,1
6927,1
6928,1
6929,3
6930,1
6931,1
6932,2
6933,1
6934,1
6935,3
6936,1
6937,3
6938,1
6939,1
6940,3
6941,1
6942,2
6943,1
6944,1
6945,1
6946,1
6947,1
6948,1
6949,1
6950,1
6951,1
6952,1
6953,1
6954,1
6955,3
6956,1
6957,1
6958,3
6959,1
6960,1
6961,1
6962,1
6963,1
6964,1
6965,1
6966,0
6967,1
6968,1
6969,1
6970,1
6971,1
6972,1
6973,1
6974,1
6975,1
6976,1
6977,0
6978,2
6979,3
6980,1
6981,1
6982,3
6983,1
6984,1
6985,3
6986,1
6987,2
6988,0
6989,2
6990,1
6991,1
6992,1
6993,1
6994,1
6995,1
6996,1
6997,0
6998,1
6999,1
7000,1
7001,1
7002,2
7003,1
7004,1
7005,2
7006,1
7007,1
7008,2
7009,2
7010,1
7011,2
7012,2
7013,2
7014,2
7015,2
7016,1
7017,2
7018,3
7019,1
7020,1
7021,2
7022,3
7023,2
7024,3
7025,2
7026,1
7027,2
7028,1
7029,2
7030,2
7031,3
7032,3
7033,3
7034,1
7035,2
7036,3
7037,3
7038,3
7039,3
7040,3
7041,2
7042,2
7043,2
7044,1
7045,3
7046,1
7047,3
7048,2
7049,3
7050,3
7051,2
7052,3
7053,3
7054,3
7055,1
7056,1
7057,1
7058,3
7059,3
7060,1
7061,3
7062,3
7063,3
7064,2
7065,3
7066,2
7067,3
7068,3
7069,3
7070,1
7071,1
7072,3
7073,3
7074,3
7075,3
7076,3
7077,3
7078,2
7079,1
7080,2
7081,1
7082,1
7083,3
7084,1
7085,2
7086,2
7087,1
7088,1
7089,1
7090,2
7091,1
7092,1
7093,3
7094,1
7095,1
7096,1
7097,1
7098,2
7099,2
7100,1
7101,1
7102,1
7103,1
7104,1
7105,1
7106,1
7107,1
7108,1
7109,2
7110,2
7111,1
7112,1
7113,1
7114,1
7115,1
7116,2
7117,1
7118,3
7119,1
7120,1
7121,3
7122,1
7123,1
7124,1
7125,1
7126,1
7127,1
7128,1
7129,1
7130,1
7131,1
7132,1
7133,1
7134,3
7135,3
7136,3
7137,1
7138,1
7139,1
7140,1
7141,1
7142,1
7143,1
7144,1
7145,3
7146,1
7147,1
7148,1
7149,1
7150,1
7151,1
7152,1
7153,1
7154,3
7155,1
7156,3
7157,1
7158,1
7159,1
7160,0
7161,1
7162,1
7163,1
7164,1
7165,1
7166,3
7167,3
7168,1
7169,1
7170,1
7171,1
7172,1
7173,3
7174,3
7175,0
7176,3
7177,1
7178,3
7179,2
7180,3
7181,1
7182,1
7183,3
7184,3
7185,3
7186,3
7187,3
7188,0
7189,0
7190,1
7191,0
7192,3
7193,3
7194,1
7195,3
7196,1
7197,3
7198,1
7199,3
7200,3
7201,3
7202,3
7203,3
7204,3
7205,3
7206,3
7207,3
7208,3
7209,3
7210,3
7211,3
7212,3
7213,1
7214,3
7215,3
7216,3
7217,3
7218,3
7219,3
7220,3
7221,3
7222,1
7223,3
7224,3
7225,3
7226,3
7227,2
7228,2
7229,3
7230,3
7231,3
7232,3
7233,3
7234,2
7235,3
7236,3
7237,3
7238,3
7239,3
7240,3
7241,3
7242,3
7243,1
7244,2
7245,3
7246,3
7247,3
7248,2
7249,3
7250,3
7251,3
7252,3
7253,3
7254,1
7255,3
7256,0
7257,3
7258,1
7259,2
7260,3
7261,3
7262,2
7263,3
7264,3
7265,2
7266,3
7267,3
7268,2
7269,3
7270,1
7271,3
7272,3
7273,2
7274,3
7275,1
7276,2
7277,3
7278,1
7279,3
7280,0
7281,3
7282,1
7283,1
7284,3
7285,1
7286,1
7287,3
7288,1
7289,2
7290,1
7291,3
7292,3
7293,1
7294,2
7295,1
7296,1
7297,1
7298,1
7299,1
7300,1
7301,3
7302,1
7303,2
7304,2
7305,1
7306,1
7307,3
7308,1
7309,1
7310,1
7311,1
7312,1
7313,1
7314,0
7315,0
7316,1
7317,1
7318,1
7319,3
7320,1
7321,0
7322,1
7323,1
7324,3
7325,2
7326,2
7327,1
7328,1
7329,1
7330,3
7331,1
7332,1
7333,1
7334,1
7335,1
7336,1
7337,0
7338,1
7339,0
7340,3
7341,1
7342,0
7343,1
7344,1
7345,3
7346,3
7347,1
7348,1
7349,3
7350,3
7351,3
7352,1
7353,1
7354,1
7355,3
7356,3
7357,1
7358,1
7359,3
7360,3
7361,1
7362,1
7363,3
7364,0
7365,3
7366,1
7367,3
7368,1
7369,0
7370,1
7371,3
7372,0
7373,3
7374,0
7375,0
7376,3
7377,3
7378,3
7379,0
7380,3
7381,0
7382,3
7383,3
7384,3
7385,3
7386,1
7387,1
7388,1
7389,3
7390,2
7391,1
7392,1
7393,3
7394,3
7395,3
7396,3
7397,1
7398,3
7399,3
7400,0
7401,3
7402,3
7403,3
7404,3
7405,1
7406,0
7407,3
7408,3
7409,0
7410,3
7411,3
7412,3
7413,3
7414,3
7415,3
7416,0
7417,3
7418,0
7419,3
7420,3
7421,3
7422,1
7423,3
7424,3
7425,2
7426,1
7427,3
7428,1
7429,3
7430,3
7431,1
7432,3
7433,3
7434,3
7435,3
7436,3
7437,3
7438,3
7439,3
7440,3
7441,3
7442,3
7443,0
7444,2
7445,3
7446,2
7447,1
7448,2
7449,3
7450,3
7451,1
7452,3
7453,3
7454,2
7455,3
7456,3
7457,1
7458,3
7459,3
7460,1
7461,3
7462,2
7463,3
7464,1
7465,3
7466,2
7467,3
7468,3
7469,3
7470,3
7471,3
7472,1
7473,3
7474,3
7475,3
7476,3
7477,3
7478,3
7479,3
7480,3
7481,3
7482,3
7483,2
7484,3
7485,3
7486,3
7487,2
7488,3
7489,2
7490,3
7491,2
7492,1
7493,3
7494,3
7495,3
7496,2
7497,2
7498,3
7499,3
7500,3
7501,2
7502,3
7503,2
7504,1
7505,2
7506,1
7507,2
7508,3
7509,3
7510,3
7511,1
7512,2
7513,2
7514,1
7515,1
7516,2
7517,3
7518,1
7519,3
7520,1
7521,2
7522,2
7523,3
7524,2
7525,3
7526,1
7527,1
7528,3
7529,1
7530,1
7531,3
7532,1
7533,1
7534,3
7535,1
7536,1
7537,1
7538,2
7539,2
7540,1
7541,1
7542,1
7543,1
7544,1
7545,1
7546,1
7547,1
7548,2
7549,2
7550,2
7551,1
7552,1
7553,1
7554,1
7555,1
7556,1
7557,1
7558,1
7559,2
7560,1
7561,2
7562,3
7563,3
7564,2
7565,1
7566,3
7567,3
7568,1
7569,1
7570,1
7571,1
7572,3
7573,3
7574,3
7575,3
7576,1
7577,3
7578,1
7579,1
7580,2
7581,3
7582,1
7583,1
7584,1
7585,2
7586,1
7587,1
7588,1
7589,1
7590,1
7591,1
7592,3
7593,1
7594,1
7595,1
7596,1
7597,1
7598,3
7599,3
7600,3
7601,1
7602,0
7603,3
7604,1
7605,1
7606,1
7607,1
7608,1
7609,3
7610,3
7611,1
7612,1
7613,3
7614,3
7615,1
7616,1
7617,3
7618,1
7619,1
7620,3
7621,1
7622,0
7623,3
7624,0
7625,1
7626,1
7627,1
7628,1
7629,1
7630,1
7631,1
7632,1
7633,1
7634,3
7635,0
7636,3
7637,1
7638,1
7639,1
7640,3
7641,1
7642,3
7643,1
7644,3
7645,3
7646,1
7647,1
7648,2
7649,3
7650,3
7651,0
7652,3
7653,3
7654,1
7655,3
7656,3
7657,3
7658,3
7659,3
7660,3
7661,3
7662,1
7663,1
7664,0
7665,1
7666,3
7667,3
7668,3
7669,3
7670,1
7671,3
7672,3
7673,3
7674,3
7675,3
7676,3
7677,0
7678,3
7679,3
7680,3
7681,3
7682,3
7683,1
7684,3
7685,3
7686,3
7687,3
7688,1
7689,3
7690,3
7691,1
7692,3
7693,3
7694,3
7695,2
7696,3
7697,3
7698,3
7699,3
7700,3
7701,3
7702,3
7703,3
7704,3
7705,3
7706,3
7707,2
7708,3
7709,3
7710,3
7711,1
7712,3
7713,3
7714,3
7715,2
7716,3
7717,3
7718,3
7719,3
7720,3
7721,3
7722,3
7723,2
7724,3
7725,1
7726,3
7727,3
7728,2
7729,3
7730,3
7731,0
7732,3
7733,1
7734,2
7735,3
7736,2
7737,3
7738,3
7739,3
7740,3
7741,2
7742,0
7743,3
7744,3
7745,1
7746,3
7747,3
7748,1
7749,3
7750,2
7751,3
7752,3
7753,1
7754,1
7755,2
7756,1
7757,3
7758,3
7759,3
7760,3
7761,3
7762,3
7763,3
7764,1
7765,3
7766,3
7767,1
7768,1
7769,0
7770,1
7771,2
7772,2
7773,3
7774,1
7775,0
7776,3
7777,2
7778,3
7779,3
7780,3
7781,3
7782,2
7783,2
7784,2
7785,3
7786,2
7787,3
7788,3
7789,2
7790,3
7791,3
7792,2
7793,1
7794,3
7795,2
7796,1
7797,3
7798,2
7799,3
7800,3
7801,1
7802,3
7803,2
7804,3
7805,3
7806,3
7807,1
7808,1
7809,1
7810,1
7811,1
7812,2
7813,1
7814,1
7815,3
7816,3
7817,3
7818,1
7819,3
7820,1
7821,1
7822,2
7823,2
7824,3
7825,2
7826,3
7827,2
7828,1
7829,1
7830,1
7831,1
7832,1
7833,3
7834,1
7835,2
7836,1
7837,3
7838,3
7839,1
7840,2
7841,1
7842,1
7843,1
7844,2
7845,1
7846,1
7847,3
7848,1
7849,3
7850,3
7851,3
7852,2
7853,1
7854,1
7855,1
7856,3
7857,3
7858,3
7859,1
7860,1
7861,3
7862,2
7863,1
7864,3
7865,3
7866,1
7867,1
7868,1
7869,3
7870,2
7871,3
7872,1
7873,1
7874,1
7875,3
7876,1
7877,1
7878,2
7879,2
7880,1
7881,1
7882,3
7883,2
7884,3
7885,1
7886,1
7887,1
7888,1
7889,1
7890,1
7891,1
7892,1
7893,1
7894,1
7895,1
7896,3
7897,1
7898,1
7899,1
7900,1
7901,1
7902,3
7903,1
7904,1
7905,1
7906,3
7907,3
7908,0
7909,1
7910,1
7911,1
7912,3
7913,1
7914,1
7915,1
7916,1
7917,1
7918,3
7919,1
7920,3
7921,1
7922,0
7923,0
7924,1
7925,1
7926,1
7927,0
7928,1
7929,1
7930,1
7931,3
7932,1
7933,1
7934,3
7935,3
7936,1
7937,1
7938,1
7939,1
7940,1
7941,1
7942,1
7943,3
7944,0
7945,0
7946,3
7947,3
7948,1
7949,1
7950,1
7951,1
7952,3
7953,1
7954,3
7955,1
7956,3
7957,1
7958,3
7959,1
7960,1
7961,0
7962,1
7963,1
7964,1
7965,1
7966,0
7967,1
7968,1
7969,1
7970,1
7971,3
7972,3
7973,1
7974,0
7975,3
7976,0
7977,3
7978,3
7979,3
7980,1
7981,3
7982,1
7983,3
7984,1
7985,1
7986,3
7987,3
7988,1
7989,3
7990,1
7991,3
7992,1
7993,3
7994,3
7995,1
7996,3
7997,1
7998,3
7999,1
8000,1
8001,3
8002,1
8003,3
8004,3
8005,2
8006,1
8007,1
8008,3
8009,3
8010,1
8011,3
8012,3
8013,3
8014,3
8015,0
8016,3
8017,1
8018,3
8019,1
8020,1
8021,1
8022,3
8023,3
8024,3
8025,1
8026,3
8027,1
8028,1
8029,3
8030,3
8031,3
8032,1
8033,0
8034,1
8035,1
8036,0
8037,3
8038,3
8039,1
8040,1
8041,1
8042,1
8043,1
8044,3
8045,1
8046,1
8047,0
8048,0
8049,3
8050,1
8051,3
8052,1
8053,3
8054,3
8055,1
8056,1
8057,1
8058,3
8059,1
8060,1
8061,3
8062,1
8063,1
8064,1
8065,1
8066,3
8067,1
8068,1
8069,3
8070,1
8071,1
8072,3
8073,0
8074,1
8075,1
8076,1
8077,1
8078,3
8079,1
8080,0
8081,3
8082,3
8083,1
8084,1
8085,1
8086,1
8087,3
8088,1
8089,1
8090,1
8091,1
8092,0
8093,1
8094,1
8095,1
8096,3
8097,1
8098,1
8099,1
8100,2
8101,3
8102,1
8103,1
8104,1
8105,1
8106,1
8107,1
8108,1
8109,2
8110,1
8111,3
8112,2
8113,0
8114,1
8115,1
8116,2
8117,1
8118,1
8119,2
8120,2
8121,1
8122,1
8123,1
8124,1
8125,1
8126,1
8127,2
8128,2
8129,1
8130,3
8131,3
8132,1
8133,3
8134,3
8135,3
8136,3
8137,3
8138,1
8139,1
8140,2
8141,2
8142,3
8143,3
8144,3
8145,3
8146,1
8147,3
8148,1
8149,3
8150,2
8151,1
8152,2
8153,3
8154,2
8155,3
8156,1
8157,3
8158,3
8159,3
8160,3
8161,3
8162,2
8163,3
8164,2
8165,3
8166,3
8167,1
8168,3
8169,0
8170,3
8171,3
8172,3
8173,3
8174,2
8175,0
8176,3
8177,3
8178,1
8179,3
8180,3
8181,1
8182,1
8183,2
8184,1
8185,3
8186,2
8187,1
8188,3
8189,2
8190,3
8191,2
8192,3
8193,2
8194,3
8195,3
8196,3
8197,1
8198,3
8199,3
8200,3
8201,1
8202,3
8203,2
8204,2
8205,3
8206,2
8207,2
8208,3
8209,3
8210,1
8211,3
8212,2
8213,1
8214,2
8215,2
8216,3
8217,1
8218,1
8219,1
8220,2
8221,3
8222,2
8223,1
8224,1
8225,3
8226,2
8227,3
8228,1
8229,2
8230,1
8231,2
8232,1
8233,1
8234,1
8235,3
8236,1
8237,3
8238,2
8239,3
8240,1
8241,3
8242,3
8243,1
8244,3
8245,3
8246,3
8247,2
8248,2
8249,2
8250,2
8251,1
8252,2
8253,1
8254,3
8255,2
8256,1
8257,3
8258,2
8259,1
8260,1
8261,3
8262,1
8263,2
8264,1
8265,1
8266,1
8267,1
8268,0
8269,2
8270,2
8271,2
8272,1
8273,1
8274,1
8275,1
8276,3
8277,0
8278,1
8279,1
8280,1
8281,1
8282,1
8283,1
8284,1
8285,1
8286,2
8287,1
8288,0
8289,2
8290,1
8291,1
8292,1
8293,1
8294,1
8295,1
8296,1
8297,3
8298,1
8299,3
8300,1
8301,1
8302,3
8303,1
8304,1
8305,1
8306,1
8307,1
8308,1
8309,0
8310,1
8311,1
8312,1
8313,1
8314,1
8315,0
8316,1
8317,1
8318,3
8319,3
8320,3
8321,3
8322,2
8323,0
8324,1
8325,1
8326,3
8327,1
8328,1
8329,1
8330,0
8331,1
8332,1
8333,3
8334,1
8335,1
8336,3
8337,1
8338,3
8339,1
8340,1
8341,3
8342,1
8343,3
8344,3
8345,3
8346,3
8347,1
8348,1
8349,3
8350,3
8351,1
8352,1
8353,1
8354,1
8355,1
8356,1
8357,1
8358,1
8359,1
8360,1
8361,2
8362,1
8363,3
8364,1
8365,1
8366,1
8367,3
8368,0
8369,3
8370,3
8371,1
8372,1
8373,1
8374,3
8375,3
8376,0
8377,1
8378,3
8379,3
8380,1
8381,2
8382,3
8383,1
8384,1
8385,1
8386,1
8387,1
8388,3
8389,1
8390,3
8391,3
8392,3
8393,1
8394,3
8395,0
8396,0
8397,1
8398,3
8399,3
8400,3
8401,3
8402,3
8403,1
8404,3
8405,3
8406,3
8407,3
8408,3
8409,1
8410,3
8411,3
8412,3
8413,3
8414,1
8415,3
8416,3
8417,1
8418,3
8419,3
8420,3
8421,3
8422,3
8423,3
8424,3
8425,3
8426,3
8427,0
8428,3
8429,1
8430,3
8431,3
8432,3
8433,3
8434,2
8435,1
8436,3
8437,1
8438,1
8439,1
8440,3
8441,3
8442,3
8443,3
8444,0
8445,3
8446,3
8447,3
8448,3
8449,3
8450,3
8451,2
8452,3
8453,3
8454,3
8455,3
8456,3
8457,3
8458,3
8459,2
8460,3
8461,3
8462,2
8463,3
8464,2
8465,3
8466,3
8467,3
8468,2
8469,3
8470,2
8471,3
8472,2
8473,3
8474,3
8475,2
8476,1
8477,3
8478,3
8479,3
8480,1
8481,3
8482,2
8483,2
8484,3
8485,2
8486,3
8487,2
8488,2
8489,3
8490,2
8491,2
8492,3
8493,3
8494,3
8495,3
8496,3
8497,1
8498,2
8499,3
8500,3
8501,3
8502,3
8503,2
8504,3
8505,3
8506,3
8507,2
8508,2
8509,3
8510,3
8511,3
8512,3
8513,2
8514,3
8515,3
8516,3
8517,3
8518,2
8519,3
8520,3
8521,3
8522,3
8523,3
8524,3
8525,3
8526,1
8527,3
8528,3
8529,3
8530,3
8531,1
8532,1
8533,3
8534,2
8535,3
8536,3
8537,2
8538,3
8539,3
8540,3
8541,3
8542,3
8543,1
8544,3
8545,2
8546,3
8547,1
8548,2
8549,1
8550,2
8551,2
8552,3
8553,1
8554,3
8555,3
8556,3
8557,3
8558,3
8559,3
8560,3
8561,1
8562,2
8563,2
8564,2
8565,2
8566,3
8567,1
8568,1
8569,2
8570,3
8571,2
8572,2
8573,3
8574,3
8575,3
8576,3
8577,1
8578,1
8579,3
8580,1
8581,3
8582,3
8583,2
8584,1
8585,3
8586,3
8587,1
8588,3
8589,3
8590,2
8591,2
8592,3
8593,1
8594,3
8595,1
8596,3
8597,1
8598,3
8599,1
8600,3
8601,3
8602,2
8603,1
8604,3
8605,3
8606,3
8607,1
8608,3
8609,2
8610,1
8611,2
8612,3
8613,3
8614,3
8615,3
8616,1
8617,3
8618,2
8619,2
8620,3
8621,3
8622,3
8623,3
8624,1
8625,3
8626,3
8627,3
8628,1
8629,3
8630,3
8631,3
8632,0
8633,3
8634,2
8635,3
8636,3
8637,3
8638,2
8639,3
8640,3
8641,3
8642,2
8643,3
8644,3
8645,3
8646,3
8647,3
8648,3
8649,3
8650,1
8651,3
8652,3
8653,3
8654,3
8655,3
8656,3
8657,3
8658,3
8659,1
8660,3
8661,3
8662,1
8663,3
8664,0
8665,3
8666,1
8667,3
8668,3
8669,3
8670,3
8671,3
8672,2
8673,3
8674,3
8675,3
8676,3
8677,3
8678,3
8679,3
8680,3
8681,3
8682,3
8683,3
8684,3
8685,3
8686,3
8687,3
8688,1
8689,3
8690,3
8691,3
8692,3
8693,3
8694,3
8695,3
8696,1
8697,3
8698,3
8699,3
8700,3
8701,0
8702,3
8703,3
8704,3
8705,3
8706,3
8707,3
8708,0
8709,3
8710,3
8711,3
8712,3
8713,3
8714,3
8715,3
8716,1
8717,1
8718,3
8719,2
8720,3
8721,3
8722,3
8723,3
8724,3
8725,0
8726,3
8727,3
8728,3
8729,0
8730,3
8731,3
8732,3
8733,3
8734,3
8735,3
8736,1
8737,3
8738,1
8739,1
8740,3
8741,3
8742,3
8743,3
8744,1
8745,3
8746,1
8747,0
8748,1
8749,1
8750,1
8751,1
8752,1
8753,1
8754,1
8755,3
8756,2
8757,0
8758,3
8759,1
8760,2
8761,3
8762,1
8763,1
8764,1
8765,1
8766,1
8767,0
8768,1
8769,2
8770,1
8771,1
8772,3
8773,2
8774,1
8775,1
8776,2
8777,3
8778,1
8779,3
8780,1
8781,1
8782,1
8783,1
8784,2
8785,2
8786,3
8787,2
8788,1
8789,3
8790,1
8791,3
8792,2
8793,3
8794,1
8795,2
8796,1
8797,2
8798,0
8799,1
8800,1
8801,3
8802,2
8803,2
8804,1
8805,3
8806,3
8807,3
8808,3
8809,1
8810,3
8811,1
8812,3
8813,3
8814,3
8815,3
8816,1
8817,1
8818,3
8819,3
8820,3
8821,3
8822,1
8823,2
8824,3
8825,3
8826,2
8827,3
8828,2
8829,3
8830,2
8831,2
8832,3
8833,3
8834,3
8835,2
8836,3
8837,2
8838,3
8839,2
8840,3
8841,3
8842,1
8843,3
8844,3
8845,2
8846,3
8847,2
8848,3
8849,3
8850,3
8851,3
8852,3
8853,3
8854,3
8855,1
8856,3
8857,2
8858,2
8859,1
8860,3
8861,3
8862,1
8863,3
8864,2
8865,2
8866,3
8867,3
8868,3
8869,2
8870,1
8871,3
8872,2
8873,2
8874,3
8875,3
8876,3
8877,3
8878,2
8879,3
8880,3
8881,1
8882,3
8883,3
8884,3
8885,3
8886,3
8887,3
8888,3
8889,2
8890,2
8891,3
8892,3
8893,3
8894,3
8895,3
8896,3
8897,2
8898,0
8899,0
8900,3
8901,3
8902,3
8903,3
8904,1
8905,3
8906,3
8907,2
8908,3
8909,2
8910,3
8911,3
8912,1
8913,2
8914,3
8915,3
8916,3
8917,3
8918,1
8919,0
8920,1
8921,3
8922,1
8923,3
8924,3
8925,1
8926,1
8927,1
8928,3
8929,3
8930,1
8931,1
8932,3
8933,3
8934,1
8935,3
8936,3
8937,3
8938,3
8939,3
8940,0
8941,1
8942,3
8943,3
8944,1
8945,3
8946,1
8947,3
8948,0
8949,3
8950,3
8951,1
8952,3
8953,1
8954,3
8955,3
8956,1
8957,3
8958,0
8959,1
8960,1
8961,1
8962,1
8963,0
8964,1
8965,1
8966,1
8967,3
8968,3
8969,1
8970,1
8971,1
8972,1
8973,1
8974,0
8975,3
8976,1
8977,3
8978,1
8979,0
8980,1
8981,0
8982,1
8983,3
8984,1
8985,1
8986,3
8987,1
8988,3
8989,1
8990,3
8991,2
8992,0
8993,2
8994,1
8995,2
8996,1
8997,2
8998,0
8999,2
9000,1
9001,1
9002,1
9003,1
9004,2
9005,3
9006,3
9007,1
9008,1
9009,3
9010,2
9011,2
9012,1
9013,1
9014,3
9015,2
9016,2
9017,1
9018,1
9019,3
9020,1
9021,2
9022,3
9023,3
9024,3
9025,2
9026,3
9027,3
9028,3
9029,3
9030,3
9031,3
9032,1
9033,3
9034,3
9035,1
9036,3
9037,3
9038,3
9039,3
9040,2
9041,3
9042,3
9043,0
9044,2
9045,3
9046,3
9047,3
9048,3
9049,1
9050,3
9051,0
9052,1
9053,3
9054,1
9055,3
9056,1
9057,1
9058,1
9059,3
9060,1
9061,1
9062,3
9063,1
9064,1
9065,1
9066,1
9067,1
9068,1
9069,1
9070,1
9071,2
9072,1
9073,1
9074,1
9075,2
9076,2
9077,3
9078,2
9079,3
9080,3
9081,3
9082,3
9083,3
9084,3
9085,3
9086,2
9087,3
9088,3
9089,3
9090,3
9091,3
9092,3
9093,3
9094,3
9095,3
9096,1
9097,3
9098,3
9099,3
9100,3
9101,3
9102,1
9103,3
9104,3
9105,1
9106,3
9107,3
9108,0
9109,3
9110,3
9111,3
9112,3
9113,3
9114,0
9115,3
9116,1
9117,3
9118,1
9119,3
9120,3
9121,3
9122,3
9123,1
9124,3
9125,3
9126,0
9127,1
9128,0
9129,3
9130,3
9131,3
9132,3
9133,3
9134,1
9135,3
9136,3
9137,1
9138,3
9139,0
9140,3
9141,3
9142,1
9143,3
9144,3
9145,3
9146,3
9147,3
9148,3
9149,1
9150,3
9151,3
9152,3
9153,3
9154,3
9155,3
9156,3
9157,0
9158,0
9159,2
9160,3
9161,3
9162,2
9163,1
9164,0
9165,3
9166,1
9167,0
9168,3
9169,3
9170,3
9171,3
9172,3
9173,1
9174,3
9175,0
9176,3
9177,0
9178,0
9179,1
9180,1
9181,3
9182,3
9183,3
9184,3
9185,3
9186,1
9187,3
9188,1
9189,1
9190,1
9191,3
9192,3
9193,3
9194,3
9195,0
9196,3
9197,3
9198,0
9199,3
9200,3
9201,1
9202,1
9203,1
9204,3
9205,3
9206,3
9207,3
9208,3
9209,3
9210,3
9211,1
9212,3
9213,3
9214,0
9215,1
9216,3
9217,3
9218,3
9219,3
9220,3
9221,3
9222,3
9223,1
9224,3
9225,1
9226,3
9227,1
9228,3
9229,3
9230,3
9231,3
9232,3
9233,3
9234,3
9235,1
9236,3
9237,1
9238,3
9239,3
9240,3
9241,3
9242,3
9243,3
9244,2
9245,3
9246,3
9247,3
9248,3
9249,0
9250,3
9251,3
9252,1
9253,1
9254,3
9255,3
9256,3
9257,3
9258,3
9259,3
9260,3
9261,3
9262,3
9263,3
9264,1
9265,2
9266,3
9267,3
9268,3
9269,3
9270,3
9271,2
9272,3
9273,3
9274,3
9275,3
9276,3
9277,3
9278,3
9279,3
9280,3
9281,3
9282,1
9283,2
9284,0
9285,1
9286,0
9287,1
9288,1
9289,3
9290,3
9291,3
9292,3
9293,2
9294,3
9295,3
9296,3
9297,3
9298,3
9299,3
9300,2
9301,3
9302,3
9303,3
9304,3
9305,3
9306,3
9307,3
9308,3
9309,3
9310,3
9311,3
9312,3
9313,2
9314,1
9315,3
9316,3
9317,2
9318,3
9319,3
9320,3
9321,3
9322,3
9323,3
9324,1
9325,2
9326,3
9327,3
9328,3
9329,2
9330,3
9331,1
9332,0
9333,3
9334,3
9335,1
9336,3
9337,1
9338,2
9339,3
9340,3
9341,3
9342,3
9343,3
9344,2
9345,3
9346,3
9347,3
9348,3
9349,3
9350,3
9351,3
9352,3
9353,3
9354,2
9355,3
9356,3
9357,3
9358,2
9359,2
9360,3
9361,1
9362,1
9363,3
9364,3
9365,2
9366,3
9367,3
9368,3
9369,3
9370,3
9371,3
9372,2
9373,1
9374,3
9375,2
9376,1
9377,3
9378,3
9379,2
9380,3
9381,3
9382,3
9383,3
9384,3
9385,3
9386,1
9387,1
9388,3
9389,2
9390,3
9391,0
9392,3
9393,2
9394,3
9395,3
9396,3
9397,1
9398,3
9399,2
9400,2
9401,3
9402,3
9403,3
9404,1
9405,3
9406,3
9407,3
9408,2
9409,3
9410,3
9411,3
9412,2
9413,1
9414,2
9415,3
9416,3
9417,3
9418,1
9419,1
9420,3
9421,3
9422,3
9423,2
9424,3
9425,3
9426,2
9427,3
9428,1
9429,3
9430,2
9431,3
9432,3
9433,3
9434,3
9435,3
9436,3
9437,3
9438,3
9439,2
9440,3
9441,3
9442,3
9443,3
9444,3
9445,3
9446,3
9447,3
9448,3
9449,3
9450,3
9451,3
9452,3
9453,3
9454,3
9455,3
9456,3
9457,2
9458,1
9459,3
9460,3
9461,3
9462,3
9463,1
9464,3
9465,1
9466,3
9467,3
9468,3
9469,3
9470,3
9471,2
9472,3
9473,3
9474,3
9475,1
9476,3
9477,3
9478,2
9479,3
9480,3
9481,3
9482,2
9483,3
9484,3
9485,3
9486,3
9487,2
9488,1
9489,3
9490,3
9491,3
9492,3
9493,3
9494,3
9495,3
9496,3
9497,1
9498,3
9499,3
9500,2
9501,3
9502,3
9503,3
9504,3
9505,2
9506,3
9507,3
9508,3
9509,3
9510,3
9511,2
9512,3
9513,3
9514,3
9515,3
9516,3
9517,3
9518,3
9519,3
9520,2
9521,3
9522,3
9523,3
9524,3
9525,3
9526,3
9527,3
9528,3
9529,1
9530,3
9531,3
9532,3
9533,3
9534,3
9535,3
9536,3
9537,3
9538,3
9539,3
9540,3
9541,3
9542,3
9543,3
9544,3
9545,3
9546,3
9547,3
9548,3
9549,3
9550,3
9551,3
9552,3
9553,1
9554,3
9555,3
9556,3
9557,3
9558,3
9559,3
9560,3
9561,3
9562,3
9563,3
9564,3
9565,3
9566,3
9567,2
9568,3
9569,3
9570,3
9571,3
9572,3
9573,2
9574,2
9575,0
9576,2
9577,3
9578,3
9579,3
9580,3
9581,3
9582,3
9583,3
9584,3
9585,3
9586,3
9587,3
9588,3
9589,3
9590,1
9591,0
9592,2
9593,3
9594,1
9595,3
9596,3
9597,3
9598,3
9599,2
9600,3
9601,3
9602,1
9603,2
9604,3
9605,2
9606,3
9607,3
9608,2
9609,1
9610,3
9611,3
9612,3
9613,3
9614,3
9615,3
9616,1
9617,3
9618,3
9619,3
9620,3
9621,3
9622,3
9623,3
9624,3
9625,3
9626,3
9627,3
9628,3
9629,3
9630,3
9631,3
9632,3
9633,3
9634,3
9635,1
9636,1
9637,3
9638,1
9639,3
9640,1
9641,3
9642,3
9643,3
9644,0
9645,3
9646,0
9647,1
9648,1
9649,1
9650,3
9651,0
9652,1
9653,3
9654,3
9655,1
9656,3
9657,1
9658,1
9659,2
9660,1
9661,1
9662,1
9663,2
9664,1
9665,3
9666,1
9667,1
9668,3
9669,1
9670,1
9671,1
9672,3
9673,1
9674,1
9675,3
9676,1
9677,1
9678,1
9679,1
9680,1
9681,3
9682,2
9683,2
9684,3
9685,2
9686,2
9687,1
9688,1
9689,1
9690,2
9691,2
9692,1
9693,1
9694,2
9695,2
9696,3
9697,3
9698,1
9699,1
9700,1
9701,1
9702,1
9703,1
9704,1
9705,3
9706,1
9707,0
9708,1
9709,1
9710,1
9711,1
9712,2
9713,1
9714,1
9715,1
9716,1
9717,1
9718,1
9719,1
9720,2
9721,1
9722,1
9723,1
9724,2
9725,3
9726,1
9727,1
9728,1
9729,3
9730,1
9731,1
9732,1
9733,1
9734,1
9735,3
9736,3
9737,1
9738,0
9739,3
9740,1
9741,1
9742,1
9743,1
9744,3
9745,1
9746,1
9747,1
9748,1
9749,1
9750,1
9751,1
9752,3
9753,1
9754,1
9755,3
9756,1
9757,1
9758,0
9759,1
9760,1
9761,1
9762,3
9763,1
9764,2
9765,3
9766,3
9767,1
9768,3
9769,1
9770,3
9771,3
9772,1
9773,3
9774,1
9775,3
9776,1
9777,1
9778,1
9779,1
9780,3
9781,1
9782,1
9783,0
9784,1
9785,3
9786,1
9787,1
9788,1
9789,1
9790,1
9791,1
9792,3
9793,3
9794,3
9795,1
9796,1
9797,1
9798,3
9799,1
9800,3
9801,3
9802,1
9803,1
9804,1
9805,3
9806,1
9807,1
9808,1
9809,1
9810,1
9811,1
9812,1
9813,1
9814,1
9815,1
9816,3
9817,1
9818,1
9819,3
9820,3
9821,1
9822,1
9823,1
9824,1
9825,1
9826,3
9827,1
9828,3
9829,1
9830,3
9831,1
9832,0
9833,3
9834,1
9835,3
9836,1
9837,1
9838,1
9839,1
9840,1
9841,1
9842,1
9843,3
9844,3
9845,0
9846,1
9847,3
9848,1
9849,3
9850,0
9851,3
9852,1
9853,3
9854,3
9855,0
9856,1
9857,1
9858,0
9859,3
9860,1
9861,3
9862,2
9863,1
9864,1
9865,1
9866,3
9867,1
9868,1
9869,3
9870,1
9871,3
9872,1
9873,1
9874,3
9875,1
9876,1
9877,1
9878,3
9879,1
9880,3
9881,3
9882,3
9883,1
9884,3
9885,1
9886,3
9887,0
9888,3
9889,0
9890,2
9891,3
9892,3
9893,1
9894,1
9895,2
9896,1
9897,3
9898,2
9899,1
9900,1
9901,1
9902,1
9903,1
9904,2
9905,3
9906,1
9907,1
9908,1
9909,1
9910,3
9911,1
9912,1
9913,3
9914,1
9915,3
9916,1
9917,1
9918,1
9919,1
9920,1
9921,3
9922,1
9923,1
9924,0
9925,1
9926,1
9927,1
9928,1
9929,3
9930,1
9931,1
9932,1
9933,1
9934,1
9935,1
9936,1
9937,1
9938,1
9939,1
9940,3
9941,1
9942,3
9943,1
9944,3
9945,1
9946,3
9947,3
9948,3
9949,1
9950,0
9951,3
9952,3
9953,3
9954,1
9955,1
9956,1
9957,1
9958,3
9959,0
9960,3
9961,3
9962,1
9963,0
9964,1
9965,3
9966,3
9967,1
9968,3
9969,3
9970,3
9971,3
9972,1
9973,3
9974,3
9975,1
9976,1
9977,3
9978,3
9979,1
9980,3
9981,0
9982,3
9983,3
9984,3
9985,3
9986,3
9987,3
9988,3
9989,3
9990,1
9991,3
9992,1
9993,1
9994,3
9995,3
9996,3
9997,0
9998,3
9999,0
